防具ID,部位ID,防具名称,模型地址,特定性别
1,0,猎人头盔,002_0000,
1,1,猎人铠甲,002_0000,
1,2,猎人腕甲,002_0000,
1,3,猎人腰甲,002_0000,
1,4,猎人护腿,002_0000,
2,0,皮制头饰,001_0000,
2,1,皮制服饰,001_0000,
2,2,皮制手套,001_0000,
2,3,皮制皮带,001_0000,
2,4,皮制长裤,001_0000,
3,0,蛮颚龙头盔,020_0000,
3,1,蛮颚龙铠甲,020_0000,
3,2,蛮颚龙腕甲,020_0000,
3,3,蛮颚龙腰甲,020_0000,
3,4,蛮颚龙护腿,020_0000,
4,0,贼龙头盔,008_0000,
4,1,贼龙铠甲,008_0000,
4,2,贼龙腕甲,008_0000,
4,3,贼龙腰甲,008_0000,
4,4,贼龙护腿,008_0000,
5,0,骨制头盔,003_0000,
5,1,骨制铠甲,003_0000,
5,2,骨制腕甲,003_0000,
5,3,骨制腰甲,003_0000,
5,4,骨制护腿,003_0000,
6,0,合金头盔,004_0000,
6,1,合金铠甲,004_0000,
6,2,合金腕甲,004_0000,
6,3,合金腰甲,004_0000,
6,4,合金护腿,004_0000,
8,4,咬鱼靴,006_0000,
9,0,巨蜂头盔,007_0000,
9,1,巨蜂铠甲,007_0000,
9,2,巨蜂腕甲,007_0000,
9,3,巨蜂腰甲,007_0000,
9,4,巨蜂护腿,007_0000,
10,0,搔鸟头盔,009_0000,
10,1,搔鸟铠甲,009_0000,
10,2,搔鸟腕甲,009_0000,
10,3,搔鸟腰甲,009_0000,
10,4,搔鸟护腿,009_0000,
11,0,毒妖鸟头盔,010_0000,
11,1,毒妖鸟铠甲,010_0000,
11,2,毒妖鸟腕甲,010_0000,
11,3,毒妖鸟腰甲,010_0000,
11,4,毒妖鸟护腿,010_0000,
12,0,泥鱼龙头盔,011_0000,
12,1,泥鱼龙铠甲,011_0000,
12,2,泥鱼龙腕甲,011_0000,
12,3,泥鱼龙腰甲,011_0000,
12,4,泥鱼龙护腿,011_0000,
13,0,土砂龙头盔,012_0000,
13,1,土砂龙铠甲,012_0000,
13,2,土砂龙腕甲,012_0000,
13,3,土砂龙腰甲,012_0000,
13,4,土砂龙护腿,012_0000,
14,0,飞雷龙头盔,013_0000,
14,1,飞雷龙铠甲,013_0000,
14,2,飞雷龙腕甲,013_0000,
14,3,飞雷龙腰甲,013_0000,
14,4,飞雷龙护腿,013_0000,
15,0,锁甲头饰,014_0000,
15,1,锁甲服饰,014_0000,
15,2,锁甲手套,014_0000,
15,3,锁甲皮带,014_0000,
15,4,锁甲长裤,014_0000,
18,0,巨甲虫头盔,017_0000,
18,1,巨甲虫铠甲,017_0000,
18,2,巨甲虫腕甲,017_0000,
18,3,巨甲虫腰甲,017_0000,
18,4,巨甲虫护腿,017_0000,
20,0,独角仙护头,019_0000,m
20,1,独角仙上身,019_0000,m
20,2,独角仙护袖,019_0000,m
20,3,独角仙护腰具,019_0000,m
20,4,独角仙脚,019_0000,m
21,0,雌火龙头盔,021_0000,
21,1,雌火龙铠甲,021_0000,
21,2,雌火龙腕甲,021_0000,
21,3,雌火龙腰甲,021_0000,
21,4,雌火龙护腿,021_0000,
22,0,痹贼龙头盔,022_0000,
22,1,痹贼龙铠甲,022_0000,
22,2,痹贼龙腕甲,022_0000,
22,3,痹贼龙腰甲,022_0000,
22,4,痹贼龙护腿,022_0000,
23,0,眩鸟头盔,023_0000,
23,1,眩鸟铠甲,023_0000,
23,2,眩鸟腕甲,023_0000,
23,3,眩鸟腰甲,023_0000,
23,4,眩鸟护腿,023_0000,
24,0,浮空龙头盔,024_0000,
24,1,浮空龙铠甲,024_0000,
24,2,浮空龙腕甲,024_0000,
24,3,浮空龙腰甲,024_0000,
24,4,浮空龙护腿,024_0000,
25,0,矿石头盔,025_0000,
25,1,矿石铠甲,025_0000,
25,2,矿石腕甲,025_0000,
25,3,矿石腰甲,025_0000,
25,4,矿石护腿,025_0000,
26,0,死神首脑,026_0000,
26,1,死神肌肉,026_0000,
26,2,死神双手,026_0000,
26,3,死神脐带,026_0000,
26,4,死神脚跟,026_0000,
27,0,风漂龙头盔,027_0000,
27,1,风漂龙铠甲,027_0000,
27,2,风漂龙腕甲,027_0000,
27,3,风漂龙腰甲,027_0000,
27,4,风漂龙护腿,027_0000,
28,0,骨锤龙头盔,028_0000,
28,1,骨锤龙铠甲,028_0000,
28,2,骨锤龙腕甲,028_0000,
28,3,骨锤龙腰甲,028_0000,
28,4,骨锤龙护腿,028_0000,
29,0,惨爪龙头盔,029_0000,
29,1,惨爪龙铠甲,029_0000,
29,2,惨爪龙腕甲,029_0000,
29,3,惨爪龙腰甲,029_0000,
29,4,惨爪龙护腿,029_0000,
31,0,铸铁头盔,031_0000,
31,1,铸铁铠甲,031_0000,
31,2,铸铁腕甲,031_0000,
31,3,铸铁腰甲,031_0000,
31,4,铸铁护腿,031_0000,
33,0,火龙头盔,033_0000,
33,1,火龙铠甲,033_0000,
33,2,火龙腕甲,033_0000,
33,3,火龙腰甲,033_0000,
33,4,火龙护腿,033_0000,
34,0,角龙头盔,034_0000,
34,1,角龙铠甲,034_0000,
34,2,角龙腕甲,034_0000,
34,3,角龙腰甲,034_0000,
34,4,角龙护腿,034_0000,
35,0,麒麟角,035_0000,
35,1,麒麟服饰,035_0000,
35,2,麒麟长腕甲,035_0000,
35,3,麒麟腰环,035_0000,
35,4,麒麟护胫,035_0000,
36,0,旅团帽,036_0000,
36,1,旅团战衣,036_0000,
36,2,旅团腕甲,036_0000,
36,3,旅团腰甲,036_0000,
36,4,旅团靴,036_0000,
37,0,爆碎羽饰,037_0000,
39,0,皮制头饰α,001_0000,
39,1,皮制服饰α,001_0000,
39,2,皮制手套α,001_0000,
39,3,皮制皮带α,001_0000,
39,4,皮制长裤α,001_0000,
40,0,皮制头饰β,001_0000,
40,1,皮制服饰β,001_0000,
40,2,皮制手套β,001_0000,
40,3,皮制皮带β,001_0000,
40,4,皮制长裤β,001_0000,
41,0,猎人头盔α,002_0000,
41,1,猎人铠甲α,002_0000,
41,2,猎人腕甲α,002_0000,
41,3,猎人腰甲α,002_0000,
41,4,猎人护腿α,002_0000,
42,0,猎人头盔β,002_0010,
42,1,猎人铠甲β,002_0010,
42,2,猎人腕甲β,002_0010,
42,3,猎人腰甲β,002_0010,
42,4,猎人护腿β,002_0010,
43,0,骨制头盔α,003_0000,
43,1,骨制铠甲α,003_0000,
43,2,骨制腕甲α,003_0000,
43,3,骨制腰甲α,003_0000,
43,4,骨制护腿α,003_0000,
44,0,骨制头盔β,003_0000,
44,1,骨制铠甲β,003_0000,
44,2,骨制腕甲β,003_0000,
44,3,骨制腰甲β,003_0000,
44,4,骨制护腿β,003_0000,
45,0,合金头盔α,004_0000,
45,1,合金铠甲α,004_0000,
45,2,合金腕甲α,004_0000,
45,3,合金腰甲α,004_0000,
45,4,合金护腿α,004_0000,
46,0,合金头盔β,004_0000,
46,1,合金铠甲β,004_0000,
46,2,合金腕甲β,004_0000,
46,3,合金腰甲β,004_0000,
46,4,合金护腿β,004_0000,
49,4,咬鱼靴α,006_0000,
50,4,咬鱼靴β,006_0000,
51,0,巨蜂头盔α,007_0000,
51,1,巨蜂铠甲α,007_0000,
51,2,巨蜂腕甲α,007_0000,
51,3,巨蜂腰甲α,007_0000,
51,4,巨蜂护腿α,007_0000,
52,0,巨蜂头盔β,007_0000,
52,1,巨蜂铠甲β,007_0000,
52,2,巨蜂腕甲β,007_0000,
52,3,巨蜂腰甲β,007_0000,
52,4,巨蜂护腿β,007_0000,
55,1,酸翼龙斗篷α,016_0000,
56,1,酸翼龙斗篷β,016_0000,
57,0,巨甲虫头盔α,017_0000,
57,1,巨甲虫铠甲α,017_0000,
57,2,巨甲虫腕甲α,017_0000,
57,3,巨甲虫腰甲α,017_0000,
57,4,巨甲虫护腿α,017_0000,
58,0,巨甲虫头盔β,017_0000,
58,1,巨甲虫铠甲β,017_0000,
58,2,巨甲虫腕甲β,017_0000,
58,3,巨甲虫腰甲β,017_0000,
58,4,巨甲虫护腿β,017_0000,
61,0,贼龙头盔α,008_0000,
61,1,贼龙铠甲α,008_0000,
61,2,贼龙腕甲α,008_0000,
61,3,贼龙腰甲α,008_0000,
61,4,贼龙护腿α,008_0000,
62,0,贼龙头盔β,008_0000,
62,1,贼龙铠甲β,008_0000,
62,2,贼龙腕甲β,008_0000,
62,3,贼龙腰甲β,008_0000,
62,4,贼龙护腿β,008_0000,
63,0,搔鸟头盔α,009_0000,
63,1,搔鸟铠甲α,009_0000,
63,2,搔鸟腕甲α,009_0000,
63,3,搔鸟腰甲α,009_0000,
63,4,搔鸟护腿α,009_0000,
64,0,搔鸟头盔β,009_0000,
64,1,搔鸟铠甲β,009_0000,
64,2,搔鸟腕甲β,009_0000,
64,3,搔鸟腰甲β,009_0000,
64,4,搔鸟护腿β,009_0000,
65,0,毒妖鸟头盔α,010_0000,
65,1,毒妖鸟铠甲α,010_0000,
65,2,毒妖鸟腕甲α,010_0000,
65,3,毒妖鸟腰甲α,010_0000,
65,4,毒妖鸟护腿α,010_0000,
66,0,毒妖鸟头盔β,010_0010,
66,1,毒妖鸟铠甲β,010_0010,
66,2,毒妖鸟腕甲β,010_0010,
66,3,毒妖鸟腰甲β,010_0010,
66,4,毒妖鸟护腿β,010_0010,
67,0,泥鱼龙头盔α,011_0000,
67,1,泥鱼龙铠甲α,011_0000,
67,2,泥鱼龙腕甲α,011_0000,
67,3,泥鱼龙腰甲α,011_0000,
67,4,泥鱼龙护腿α,011_0000,
68,0,泥鱼龙头盔β,011_0000,
68,1,泥鱼龙铠甲β,011_0000,
68,2,泥鱼龙腕甲β,011_0000,
68,3,泥鱼龙腰甲β,011_0000,
68,4,泥鱼龙护腿β,011_0000,
69,0,土砂龙头盔α,012_0000,
69,1,土砂龙铠甲α,012_0000,
69,2,土砂龙腕甲α,012_0000,
69,3,土砂龙腰甲α,012_0000,
69,4,土砂龙护腿α,012_0000,
70,0,土砂龙头盔β,012_0000,
70,1,土砂龙铠甲β,012_0000,
70,2,土砂龙腕甲β,012_0000,
70,3,土砂龙腰甲β,012_0000,
70,4,土砂龙护腿β,012_0000,
71,0,飞雷龙头盔α,013_0000,
71,1,飞雷龙铠甲α,013_0000,
71,2,飞雷龙腕甲α,013_0000,
71,3,飞雷龙腰甲α,013_0000,
71,4,飞雷龙护腿α,013_0000,
72,0,飞雷龙头盔β,013_0000,
72,1,飞雷龙铠甲β,013_0000,
72,2,飞雷龙腕甲β,013_0000,
72,3,飞雷龙腰甲β,013_0000,
72,4,飞雷龙护腿β,013_0000,
73,0,雌火龙头盔α,021_0000,
73,1,雌火龙铠甲α,021_0000,
73,2,雌火龙腕甲α,021_0000,
73,3,雌火龙腰甲α,021_0000,
73,4,雌火龙护腿α,021_0000,
74,0,雌火龙头盔β,021_0010,
74,1,雌火龙铠甲β,021_0010,
74,2,雌火龙腕甲β,021_0010,
74,3,雌火龙腰甲β,021_0010,
74,4,雌火龙护腿β,021_0010,
75,0,痹贼龙头盔α,022_0000,
75,1,痹贼龙铠甲α,022_0000,
75,2,痹贼龙腕甲α,022_0000,
75,3,痹贼龙腰甲α,022_0000,
75,4,痹贼龙护腿α,022_0000,
76,0,痹贼龙头盔β,022_0000,
76,1,痹贼龙铠甲β,022_0000,
76,2,痹贼龙腕甲β,022_0000,
76,3,痹贼龙腰甲β,022_0000,
76,4,痹贼龙护腿β,022_0000,
77,0,眩鸟头盔α,023_0000,
77,1,眩鸟铠甲α,023_0000,
77,2,眩鸟腕甲α,023_0000,
77,3,眩鸟腰甲α,023_0000,
77,4,眩鸟护腿α,023_0000,
78,0,眩鸟头盔β,023_0000,
78,1,眩鸟铠甲β,023_0000,
78,2,眩鸟腕甲β,023_0000,
78,3,眩鸟腰甲β,023_0000,
78,4,眩鸟护腿β,023_0000,
79,0,浮空龙头盔α,024_0000,
79,1,浮空龙铠甲α,024_0000,
79,2,浮空龙腕甲α,024_0000,
79,3,浮空龙腰甲α,024_0000,
79,4,浮空龙护腿α,024_0000,
80,0,浮空龙头盔β,024_0000,
80,1,浮空龙铠甲β,024_0000,
80,2,浮空龙腕甲β,024_0000,
80,3,浮空龙腰甲β,024_0000,
80,4,浮空龙护腿β,024_0000,
81,0,惨爪龙头盔α,029_0000,
81,1,惨爪龙铠甲α,029_0000,
81,2,惨爪龙腕甲α,029_0000,
81,3,惨爪龙腰甲α,029_0000,
81,4,惨爪龙护腿α,029_0000,
82,0,惨爪龙头盔β,029_0010,
82,1,惨爪龙铠甲β,029_0010,
82,2,惨爪龙腕甲β,029_0010,
82,3,惨爪龙腰甲β,029_0010,
82,4,惨爪龙护腿β,029_0010,
83,0,岩贼龙头盔α,039_0000,
83,1,岩贼龙铠甲α,039_0000,
83,2,岩贼龙腕甲α,039_0000,
83,3,岩贼龙腰甲α,039_0000,
83,4,岩贼龙护腿α,039_0000,
84,0,岩贼龙头盔β,039_0000,
84,1,岩贼龙铠甲β,039_0000,
84,2,岩贼龙腕甲β,039_0000,
84,3,岩贼龙腰甲β,039_0000,
84,4,岩贼龙护腿β,039_0000,
85,0,熔岩龙头盔α,040_0000,
85,1,熔岩龙铠甲α,040_0000,
85,2,熔岩龙腕甲α,040_0000,
85,3,熔岩龙腰甲α,040_0000,
85,4,熔岩龙护腿α,040_0000,
86,0,熔岩龙头盔β,040_0010,
86,1,熔岩龙铠甲β,040_0010,
86,2,熔岩龙腕甲β,040_0010,
86,3,熔岩龙腰甲β,040_0010,
86,4,熔岩龙护腿β,040_0010,
87,0,火龙心头盔α,021_0100,
87,1,火龙心铠甲α,021_0100,
87,2,火龙心腕甲α,021_0100,
87,3,火龙心腰甲α,021_0100,
87,4,火龙心护腿α,021_0100,
88,0,火龙心头盔β,021_0110,
88,1,火龙心铠甲β,021_0110,
88,2,火龙心腕甲β,021_0110,
88,3,火龙心腰甲β,021_0110,
88,4,火龙心护腿β,021_0110,
89,0,矿石头盔α,025_0000,
89,1,矿石铠甲α,025_0000,
89,2,矿石腕甲α,025_0000,
89,3,矿石腰甲α,025_0000,
89,4,矿石护腿α,025_0000,
90,0,矿石头盔β,025_0000,
90,1,矿石铠甲β,025_0000,
90,2,矿石腕甲β,025_0000,
90,3,矿石腰甲β,025_0000,
90,4,矿石护腿β,025_0000,
91,0,铸铁头盔α,031_0000,
91,1,铸铁铠甲α,031_0000,
91,2,铸铁腕甲α,031_0000,
91,3,铸铁腰甲α,031_0000,
91,4,铸铁护腿α,031_0000,
92,0,铸铁头盔β,031_0000,
92,1,铸铁铠甲β,031_0000,
92,2,铸铁腕甲β,031_0000,
92,3,铸铁腰甲β,031_0000,
92,4,铸铁护腿β,031_0000,
93,0,蛮颚龙头盔α,020_0000,
93,1,蛮颚龙铠甲α,020_0000,
93,2,蛮颚龙腕甲α,020_0000,
93,3,蛮颚龙腰甲α,020_0000,
93,4,蛮颚龙护腿α,020_0000,
94,0,蛮颚龙头盔β,020_0010,
94,1,蛮颚龙铠甲β,020_0010,
94,2,蛮颚龙腕甲β,020_0010,
94,3,蛮颚龙腰甲β,020_0010,
94,4,蛮颚龙护腿β,020_0010,
95,0,风漂龙头盔α,027_0000,
95,1,风漂龙铠甲α,027_0000,
95,2,风漂龙腕甲α,027_0000,
95,3,风漂龙腰甲α,027_0000,
95,4,风漂龙护腿α,027_0000,
96,0,风漂龙头盔β,027_0010,
96,1,风漂龙铠甲β,027_0010,
96,2,风漂龙腕甲β,027_0010,
96,3,风漂龙腰甲β,027_0010,
96,4,风漂龙护腿β,027_0010,
97,0,骨锤龙头盔α,028_0000,
97,1,骨锤龙铠甲α,028_0000,
97,2,骨锤龙腕甲α,028_0000,
97,3,骨锤龙腰甲α,028_0000,
97,4,骨锤龙护腿α,028_0000,
98,0,骨锤龙头盔β,028_0010,
98,1,骨锤龙铠甲β,028_0010,
98,2,骨锤龙腕甲β,028_0010,
98,3,骨锤龙腰甲β,028_0010,
98,4,骨锤龙护腿β,028_0010,
99,0,乌尔德头盔α,032_0000,
99,1,乌尔德铠甲α,032_0000,
99,2,乌尔德腕甲α,032_0000,
99,3,乌尔德腰甲α,032_0000,
99,4,乌尔德护腿α,032_0000,
100,0,乌尔德头盔β,032_0010,
100,1,乌尔德铠甲β,032_0010,
100,2,乌尔德腕甲β,032_0010,
100,3,乌尔德腰甲β,032_0010,
100,4,乌尔德护腿β,032_0010,
101,0,火龙头盔α,033_0000,
101,1,火龙铠甲α,033_0000,
101,2,火龙腕甲α,033_0000,
101,3,火龙腰甲α,033_0000,
101,4,火龙护腿α,033_0000,
102,0,火龙头盔β,033_0010,
102,1,火龙铠甲β,033_0010,
102,2,火龙腕甲β,033_0010,
102,3,火龙腰甲β,033_0010,
102,4,火龙护腿β,033_0010,
103,0,角龙头盔α,034_0000,
103,1,角龙铠甲α,034_0000,
103,2,角龙腕甲α,034_0000,
103,3,角龙腰甲α,034_0000,
103,4,角龙护腿α,034_0000,
104,0,角龙头盔β,034_0010,
104,1,角龙铠甲β,034_0010,
104,2,角龙腕甲β,034_0010,
104,3,角龙腰甲β,034_0010,
104,4,角龙护腿β,034_0010,
105,0,麒麟角α,035_0000,
105,1,麒麟服饰α,035_0000,
105,2,麒麟长腕甲α,035_0000,
105,3,麒麟腰环α,035_0000,
105,4,麒麟护胫α,035_0000,
106,0,麒麟角β,035_0010,
106,1,麒麟服饰β,035_0010,
106,2,麒麟长腕甲β,035_0010,
106,3,麒麟腰环β,035_0010,
106,4,麒麟护胫β,035_0010,
107,0,战纹头盔α,030_0000,
107,1,战纹铠甲α,030_0000,
107,2,战纹腕甲α,030_0000,
107,3,战纹腰甲α,030_0000,
107,4,战纹护腿α,030_0000,
108,0,战纹头盔β,030_0010,
108,1,战纹铠甲β,030_0010,
108,2,战纹腕甲β,030_0010,
108,3,战纹腰甲β,030_0010,
108,4,战纹护腿β,030_0010,
109,0,爆锤龙头盔α,041_0000,
109,1,爆锤龙铠甲α,041_0000,
109,2,爆锤龙腕甲α,041_0000,
109,3,爆锤龙腰甲α,041_0000,
109,4,爆锤龙护腿α,041_0000,
110,0,爆锤龙头盔β,041_0010,
110,1,爆锤龙铠甲β,041_0010,
110,2,爆锤龙腕甲β,041_0010,
110,3,爆锤龙腰甲β,041_0010,
110,4,爆锤龙护腿β,041_0010,
111,0,火龙魂头盔α,033_0100,
111,1,火龙魂铠甲α,033_0100,
111,2,火龙魂腕甲α,033_0100,
111,3,火龙魂腰甲α,033_0100,
111,4,火龙魂护腿α,033_0100,
112,0,火龙魂头盔β,033_0110,
112,1,火龙魂铠甲β,033_0110,
112,2,火龙魂腕甲β,033_0110,
112,3,火龙魂腰甲β,033_0110,
112,4,火龙魂护腿β,033_0110,
113,0,暴君角龙头盔α,034_0100,
113,1,暴君角龙铠甲α,034_0100,
113,2,暴君角龙腕甲α,034_0100,
113,3,暴君角龙腰甲α,034_0100,
113,4,暴君角龙护腿α,034_0100,
114,0,暴君角龙头盔β,034_0110,
114,1,暴君角龙铠甲β,034_0110,
114,2,暴君角龙腕甲β,034_0110,
114,3,暴君角龙腰甲β,034_0110,
114,4,暴君角龙护腿β,034_0110,
115,0,爆鳞龙头盔α,042_0000,
115,1,爆鳞龙铠甲α,042_0000,
115,2,爆鳞龙腕甲α,042_0000,
115,3,爆鳞龙腰甲α,042_0000,
115,4,爆鳞龙护腿α,042_0000,
116,0,爆鳞龙头盔β,042_0010,
116,1,爆鳞龙铠甲β,042_0010,
116,2,爆鳞龙腕甲β,042_0010,
116,3,爆鳞龙腰甲β,042_0010,
116,4,爆鳞龙护腿β,042_0010,
117,0,独角仙护头α,019_0000,m
117,1,独角仙上身α,019_0000,m
117,2,独角仙护袖α,019_0000,m
117,3,独角仙护腰具α,019_0000,m
117,4,独角仙脚α,019_0000,m
118,0,独角仙护头β,019_0000,m
118,1,独角仙上身β,019_0000,m
118,2,独角仙护袖β,019_0000,m
118,3,独角仙护腰具β,019_0000,m
118,4,独角仙脚β,019_0000,m
119,0,旅团帽α,036_0000,
119,1,旅团战衣α,036_0000,
119,2,旅团腕甲α,036_0000,
119,3,旅团腰甲α,036_0000,
119,4,旅团靴α,036_0000,
120,0,旅团帽β,036_0000,
120,1,旅团战衣β,036_0000,
120,2,旅团腕甲β,036_0000,
120,3,旅团腰甲β,036_0000,
120,4,旅团靴β,036_0000,
121,0,大马士革头盔α,043_0000,
121,1,大马士革铠甲α,043_0000,
121,2,大马士革腕甲α,043_0000,
121,3,大马士革腰甲α,043_0000,
121,4,大马士革护腿α,043_0000,
122,0,大马士革头盔β,043_0010,
122,1,大马士革铠甲β,043_0010,
122,2,大马士革腕甲β,043_0010,
122,3,大马士革腰甲β,043_0010,
122,4,大马士革护腿β,043_0010,
123,0,杜宾头盔α,044_0000,
123,1,杜宾铠甲α,044_0000,
123,2,杜宾腕甲α,044_0000,
123,3,杜宾腰甲α,044_0000,
123,4,杜宾护腿α,044_0000,
124,0,杜宾头盔β,044_0000,
124,1,杜宾铠甲β,044_0000,
124,2,杜宾腕甲β,044_0000,
124,3,杜宾腰甲β,044_0000,
124,4,杜宾护腿β,044_0000,
125,0,冥灯幽火头饰α,045_0000,
125,1,冥灯幽火皮α,045_0000,
125,2,冥灯幽火钢爪α,045_0000,
125,3,冥灯幽火脊椎α,045_0000,
125,4,冥灯幽火靴α,045_0000,
126,0,冥灯幽火头饰β,045_0010,
126,1,冥灯幽火皮β,045_0010,
126,2,冥灯幽火钢爪β,045_0010,
126,3,冥灯幽火脊椎β,045_0010,
126,4,冥灯幽火靴β,045_0010,
127,0,帝王皇冠α,046_0000,
127,1,帝王铠甲α,046_0000,
127,2,帝王腕甲α,046_0000,
127,3,帝王腰甲α,046_0000,
127,4,帝王护腿α,046_0000,
128,0,帝王皇冠β,046_0010,
128,1,帝王铠甲β,046_0010,
128,2,帝王腕甲β,046_0010,
128,3,帝王腰甲β,046_0010,
128,4,帝王护腿β,046_0010,
129,0,钢龙强力α,047_0000,
129,1,钢龙恐惧α,047_0000,
129,2,钢龙刚强α,047_0000,
129,3,钢龙安稳α,047_0000,
129,4,钢龙踏实α,047_0000,
130,0,钢龙强力β,047_0010,
130,1,钢龙恐惧β,047_0010,
130,2,钢龙刚强β,047_0010,
130,3,钢龙安稳β,047_0010,
130,4,钢龙踏实β,047_0010,
131,0,死神首脑α,026_0000,
131,1,死神肌肉α,026_0000,
131,2,死神双手α,026_0000,
131,3,死神脐带α,026_0000,
131,4,死神脚跟α,026_0000,
132,0,死神首脑β,026_0000,
132,1,死神肌肉β,026_0000,
132,2,死神双手β,026_0000,
132,3,死神脐带β,026_0000,
132,4,死神脚跟β,026_0000,
133,0,公会十字头饰α,048_0000,
133,1,公会十字战衣α,048_0000,
133,2,公会十字腕甲α,048_0000,
133,3,公会十字腰甲α,048_0000,
133,4,公会十字靴α,048_0000,
134,0,公会十字头饰β,048_0000,
134,1,公会十字战衣β,048_0000,
134,2,公会十字腕甲β,048_0000,
134,3,公会十字腰甲β,048_0000,
134,4,公会十字靴β,048_0000,
137,0,铸岛熔岩头饰α,038_0000,
137,1,铸岛熔岩皮α,038_0000,
137,2,铸岛熔岩钢爪α,038_0000,
137,3,铸岛熔岩脊椎α,038_0000,
137,4,铸岛熔岩靴α,038_0000,
138,0,铸岛熔岩头饰β,038_0010,
138,1,铸岛熔岩皮β,038_0010,
138,2,铸岛熔岩钢爪β,038_0010,
138,3,铸岛熔岩脊椎β,038_0010,
138,4,铸岛熔岩靴β,038_0010,
145,0,盛开服装头部,074_0000,
145,1,盛开服装身体,074_0000,
145,2,收获服装腕部,076_0000,
145,3,收获服装腰部,076_0000,
145,4,收获服装脚部,076_0000,
146,0,潜水员服装头部,075_0000,
146,1,潜水员服装身体,075_0000,
146,2,猎户星服装腕部,077_0000,
146,3,猎户星服装腰部,077_0000,
146,4,猎户星服装脚部,077_0000,
147,0,锁甲头饰α,014_0000,
147,1,锁甲服饰α,014_0000,
147,2,锁甲手套α,014_0000,
147,3,锁甲皮带α,014_0000,
147,4,锁甲长裤α,014_0000,
148,0,锁甲头饰β,014_0000,
148,1,锁甲服饰β,014_0000,
148,2,锁甲手套β,014_0000,
148,3,锁甲皮带β,014_0000,
148,4,锁甲长裤β,014_0000,
149,0,骷髅面罩α,054_0000,
149,1,追踪者服饰α,053_0000,
149,2,追踪者手套α,053_0000,
149,3,追踪者皮带α,053_0000,
149,4,追踪者长裤α,053_0000,
150,1,追踪者服饰β,053_0000,
150,2,追踪者手套β,053_0000,
150,3,追踪者皮带β,053_0000,
150,4,追踪者长裤β,053_0000,
151,0,追踪者头饰α,053_0000,
151,1,旅团服装身体,036_0000,
151,2,盛开服装腕部,074_0000,
151,3,盛开服装腰部,074_0000,
151,4,盛开服装脚部,074_0000,
152,0,追踪者头饰β,053_0000,
152,1,公会十字服装身体,048_0000,
152,2,潜水员服装腕部,075_0000,
152,3,潜水员服装腰部,075_0000,
152,4,潜水员服装脚部,075_0000,
153,0,艾露猫头套α,055_0000,
153,1,收获服装身体,076_0000,
153,2,盛装服装腕部,078_0000,
153,3,盛装服装腰部,078_0000,
153,4,盛装服装脚部,078_0000,
154,0,蘑菇猪头套α,056_0000,
154,1,猎户星服装身体,077_0000,
155,0,旅团服装头部,036_0000,
155,1,盛装服装身体,078_0000,
156,0,公会十字服装头部,048_0000,
157,0,收获服装头部,076_0000,
158,0,猎户星服装头部,077_0000,
159,0,盛装服装头部,078_0000,
159,1,燕尾蝶上身,019_0000,f
159,2,燕尾蝶护袖,019_0000,f
159,3,燕尾蝶护腰具,019_0000,f
159,4,燕尾蝶脚,019_0000,f
160,1,燕尾蝶上身α,019_0000,f
160,2,燕尾蝶护袖α,019_0000,f
160,3,燕尾蝶护腰具α,019_0000,f
160,4,燕尾蝶脚α,019_0000,f
161,1,燕尾蝶上身β,019_0000,f
161,2,燕尾蝶护袖β,019_0000,f
161,3,燕尾蝶护腰具β,019_0000,f
161,4,燕尾蝶脚β,019_0000,f
162,2,旅团服装腕部,036_0000,
162,3,旅团服装腰部,036_0000,
162,4,旅团服装脚部,036_0000,
163,2,公会十字服装腕部,048_0000,
163,3,公会十字服装腰部,048_0000,
163,4,公会十字服装脚部,048_0000,
164,1,原型铠甲,018_0000,
164,2,冠突龙护手,005_0000,
164,3,原型腰甲,018_0000,
164,4,原型护腿,018_0000,
165,2,冠突龙护手α,005_0000,
166,0,突击龙角α,015_0000,
166,2,冠突龙护手β,005_0000,
167,0,突击龙角β,015_0000,
167,2,原型腕甲,018_0000,
168,0,猫蜥龙护目镜,058_0000,
169,0,燕尾蝶护头,019_0000,f
170,0,燕尾蝶护头α,019_0000,f
171,0,燕尾蝶护头β,019_0000,f
174,0,猫蜥龙护目镜α,058_0000,
175,0,猫蜥龙护目镜β,058_0000,
176,0,原型头盔,018_0000,
181,0,封龙耳饰α,059_0000,
183,0,知性眼镜α,060_0000,
185,0,龙王的独眼α,061_0000,
191,0,绚辉龙铠罗头盔α,049_0000,
191,1,绚辉龙铠罗铠甲α,049_0000,
191,2,绚辉龙铠罗腕甲α,049_0000,
191,3,绚辉龙铠罗腰甲α,049_0000,
191,4,绚辉龙铠罗护腿α,049_0000,
192,0,绚辉龙铠罗头盔β,049_0010,
192,1,绚辉龙铠罗铠甲β,049_0010,
192,2,绚辉龙铠罗腕甲β,049_0010,
192,3,绚辉龙铠罗腰甲β,049_0010,
192,4,绚辉龙铠罗护腿β,049_0010,
193,0,盛开头饰,074_0000,
193,1,盛开服饰,074_0000,
193,2,盛开手套,074_0000,
193,3,盛开风衣,074_0000,
193,4,盛开靴,074_0000,
194,0,潜水员修诺,075_0000,
194,1,潜水员服装,075_0000,
194,2,潜水员腕甲,075_0000,
194,3,潜水员皮带,075_0000,
194,4,潜水员靴,075_0000,
195,0,收获头饰,076_0000,
195,1,收获装甲,076_0000,
195,2,收获手套,076_0000,
195,3,收获护裙,076_0000,
195,4,收获护腿,076_0000,
196,0,猎户星头饰,077_0000,
196,1,猎户星服饰,077_0000,
196,2,猎户星腕甲,077_0000,
196,3,猎户星风衣,077_0000,
196,4,猎户星靴,077_0000,
197,0,盛装头饰,078_0000,
197,1,盛装战衣,078_0000,
197,2,盛装手套,078_0000,
197,3,盛装大衣,078_0000,
197,4,盛装靴,078_0000,
200,0,铠武者头部,067_0000,
200,1,铠武者身体,067_0000,
200,2,铠武者腕部,067_0000,
200,3,铠武者腰部,067_0000,
200,4,铠武者脚部,067_0000,
201,0,残虐头盔α,050_0000,
201,1,残虐铠甲α,050_0000,
201,2,残虐腕甲α,050_0000,
201,3,残虐腰甲α,050_0000,
201,4,残虐护腿α,050_0000,
202,0,残虐头盔β,050_0010,
202,1,残虐铠甲β,050_0010,
202,2,残虐腕甲β,050_0010,
202,3,残虐腰甲β,050_0010,
202,4,残虐护腿β,050_0010,
204,0,黎明武士寂头部,066_0000,
204,1,黎明武士寂身体,066_0000,
204,2,黎明武士寂腕部,066_0000,
204,3,黎明武士寂腰部,066_0000,
204,4,黎明武士寂脚部,066_0000,
205,0,黎明武士誉头部,066_0010,
205,1,黎明武士誉身体,066_0010,
205,2,黎明武士誉腕部,066_0010,
205,3,黎明武士誉腰部,066_0010,
205,4,黎明武士誉脚部,066_0010,
206,0,腾龙战盔α,073_0000,
206,1,腾龙战铠α,073_0000,
206,2,腾龙腕甲α,073_0000,
206,3,腾龙腰甲α,073_0000,
206,4,腾龙护腿α,073_0000,
207,0,盛开头饰α,074_0000,
207,1,盛开服饰α,074_0000,
207,2,盛开手套α,074_0000,
207,3,盛开风衣α,074_0000,
207,4,盛开靴α,074_0000,
208,0,潜水员修诺α,075_0000,
208,1,潜水员服装α,075_0000,
208,2,潜水员腕甲α,075_0000,
208,3,潜水员皮带α,075_0000,
208,4,潜水员靴α,075_0000,
209,0,收获头饰α,076_0000,
209,1,收获装甲α,076_0000,
209,2,收获手套α,076_0000,
209,3,收获护裙α,076_0000,
209,4,收获护腿α,076_0000,
210,0,猎户星头饰α,077_0000,
210,1,猎户星服饰α,077_0000,
210,2,猎户星腕甲α,077_0000,
210,3,猎户星风衣α,077_0000,
210,4,猎户星靴α,077_0000,
211,0,盛装头饰α,078_0000,
211,1,盛装战衣α,078_0000,
211,2,盛装手套α,078_0000,
211,3,盛装大衣α,078_0000,
211,4,盛装靴α,078_0000,
212,0,燕尾蝶男护头,057_0000,m
212,1,燕尾蝶男上身,057_0000,m
212,2,燕尾蝶男护袖,057_0000,m
212,3,燕尾蝶男护腰具,057_0000,m
212,4,燕尾蝶男脚,057_0000,m
213,0,燕尾蝶男护头α,057_0000,m
213,1,燕尾蝶男上身α,057_0000,m
213,2,燕尾蝶男护袖α,057_0000,m
213,3,燕尾蝶男护腰具α,057_0000,m
213,4,燕尾蝶男脚α,057_0000,m
214,0,燕尾蝶男护头β,057_0010,m
214,1,燕尾蝶男上身β,057_0010,m
214,2,燕尾蝶男护袖β,057_0010,m
214,3,燕尾蝶男护腰具β,057_0010,m
214,4,燕尾蝶男脚β,057_0010,m
215,0,独角仙后护头,057_0000,f
215,1,独角仙后上身,057_0000,f
215,2,独角仙后护袖,057_0000,f
215,3,独角仙后护腰具,057_0000,f
215,4,独角仙后脚,057_0000,f
216,0,独角仙后护头α,057_0000,f
216,1,独角仙后上身α,057_0000,f
216,2,独角仙后护袖α,057_0000,f
216,3,独角仙后护腰具α,057_0000,f
216,4,独角仙后脚α,057_0000,f
217,0,独角仙后护头β,057_0000,f
217,1,独角仙后上身β,057_0000,f
217,2,独角仙后护袖β,057_0000,f
217,3,独角仙后护腰具β,057_0000,f
217,4,独角仙后脚β,057_0000,f
218,0,乌尔德头盔γ,032_0020,
218,1,乌尔德铠甲γ,032_0020,
218,2,乌尔德腕甲γ,032_0020,
218,3,乌尔德腰甲γ,032_0020,
218,4,乌尔德护腿γ,032_0020,
219,0,麒麟角γ,035_0020,
219,1,麒麟服饰γ,035_0020,
219,2,麒麟长腕甲γ,035_0020,
219,3,麒麟腰环γ,035_0020,
219,4,麒麟护胫γ,035_0020,
220,0,帝王皇冠γ,046_0020,
220,1,帝王铠甲γ,046_0020,
220,2,帝王腕甲γ,046_0020,
220,3,帝王腰甲γ,046_0020,
220,4,帝王护腿γ,046_0020,
221,0,钢龙强力γ,047_0020,
221,1,钢龙恐惧γ,047_0020,
221,2,钢龙刚强γ,047_0020,
221,4,钢龙踏实γ,047_0020,
222,0,战纹头盔γ,030_0020,
222,1,战纹铠甲γ,030_0020,
222,2,战纹腕甲γ,030_0020,
222,3,钢龙安稳γ,047_0020,
222,4,战纹护腿γ,030_0020,
223,0,铸岛熔岩头饰γ,038_0020,
223,1,铸岛熔岩皮γ,038_0020,
223,2,铸岛熔岩钢爪γ,038_0020,
223,3,战纹腰甲γ,030_0020,
223,4,铸岛熔岩靴γ,038_0020,
224,0,冥灯幽火头饰γ,045_0020,
224,1,冥灯幽火皮γ,045_0020,
224,2,冥灯幽火钢爪γ,045_0020,
224,3,铸岛熔岩脊椎γ,038_0020,
224,4,冥灯幽火靴γ,045_0020,
226,0,隆面罩,069_0000,
226,1,隆身体,069_0000,
226,2,隆腕甲,069_0000,
226,3,冥灯幽火脊椎γ,045_0020,
226,4,隆护腿,069_0000,
227,0,隆面罩α,069_0000,
227,1,隆身体α,069_0000,
227,2,隆腕甲α,069_0000,
227,4,隆护腿α,069_0000,
228,0,樱面罩α,070_0000,
228,1,樱身体α,070_0000,
228,2,樱腕甲α,070_0000,
228,3,隆的腰,069_0000,
228,4,樱护腿α,070_0000,
229,0,苍星之将头盔α,072_0000,
229,1,苍星之将铠甲α,072_0000,
229,2,苍星之将腕甲α,072_0000,
229,3,隆的腰α,069_0000,
229,4,苍星之将腿甲α,072_0000,
230,0,但丁假发α,071_0000,
230,1,但丁风衣α,071_0000,
230,2,但丁手套α,071_0000,
230,3,樱的腰α,070_0000,
230,4,但丁皮裤靴α,071_0000,
231,0,皇后琴弦α,051_0000,
231,1,皇后铠甲α,051_0000,
231,2,皇后腕甲α,051_0000,
231,3,苍星之将腰带α,072_0000,
231,4,皇后护腿α,051_0000,
232,0,皇后琴弦β,051_0010,
232,1,皇后铠甲β,051_0010,
232,2,皇后腕甲β,051_0010,
232,3,但丁皮带α,071_0000,
232,4,皇后护腿β,051_0010,
233,0,封印的眼罩α,063_0000,
233,1,蝴蝶服装身体,117_0000,
233,2,蝴蝶服装腕部,117_0000,
233,3,皇后腰甲α,051_0000,
233,4,蝴蝶服装脚部,117_0000,
234,0,墨镜α,062_0000,
234,1,死神服装身体,026_0000,
234,2,死神服装腕部,026_0000,
234,3,皇后腰甲β,051_0010,
234,4,死神服装脚部,026_0000,
235,0,扒手龙头套α,065_0000,
235,1,但丁服装身体,071_0000,
235,2,但丁服装腕部,071_0000,
235,3,蝴蝶服装腰部,117_0000,
235,4,但丁服装脚部,071_0000,
236,0,摇曳鳗头套α,064_0000,
236,1,腾龙服装身体,073_0000,
236,2,腾龙服装腕部,073_0000,
236,3,死神服装腰部,026_0000,
236,4,腾龙服装脚部,073_0000,
237,0,蝴蝶服装头部,117_0000,
237,1,追踪者服装身体,053_0000,
237,2,追踪者服装腕部,053_0000,
237,3,但丁服装腰部,071_0000,
237,4,追踪者服装脚部,053_0000,
238,0,死神服装头部,026_0000,
238,1,原型服装身体,018_0000,
238,2,原型服装腕部,018_0000,
238,3,腾龙服装腰部,073_0000,
238,4,原型服装脚部,018_0000,
239,0,但丁服装头部,071_0000,
239,1,甲虫服装身体,116_0000,
239,2,甲虫服装腕部,116_0000,
239,3,追踪者服装腰部,053_0000,
239,4,甲虫服装脚部,116_0000,
240,0,腾龙服装头部,073_0000,
240,1,Invalid Message,001_0000,
240,2,Invalid Message,001_0000,
240,3,原型服装腰部,018_0000,
240,4,Invalid Message,001_0000,
241,0,追踪者服装头部,053_0000,
241,3,甲虫服装腰部,116_0000,
242,0,原型服装头部,018_0000,
242,1,皇后铠甲γ,051_0020,
242,2,皇后腕甲γ,051_0020,
242,3,Invalid Message,001_0000,
242,4,皇后护腿γ,051_0020,
243,0,甲虫服装头部,116_0000,
244,3,皇后腰甲γ,051_0020,
245,0,墨镜服装,062_0000,
246,0,蘑菇猪头套服装,056_0000,
247,0,艾露猫头套服装,055_0000,
247,1,绚辉龙铠罗铠甲γ,049_0020,
247,2,绚辉龙铠罗腕甲γ,049_0020,
247,4,绚辉龙铠罗护腿γ,049_0020,
248,0,封印的眼罩服装,063_0000,
248,1,防卫队铠甲α,121_0000,
248,2,防卫队手甲α,121_0000,
248,4,防卫队腿甲α,121_0000,
249,0,摇曳鳗头套服装,064_0000,
249,3,绚辉龙铠罗腰甲γ,049_0020,
250,0,骷髅面罩服装,054_0000,
250,3,防卫队腰甲α,121_0000,
251,0,扒手龙头套服装,065_0000,
253,0,皇后琴弦γ,051_0020,
258,0,绚辉龙铠罗头盔γ,049_0020,
259,0,防卫队头盔α,121_0000,
291,0,隆服装头部,069_0000,
291,1,隆服装身体,069_0000,
291,2,隆服装腕部,069_0000,
291,3,隆服装腰部,069_0000,
291,4,隆服装脚部,069_0000,
292,0,樱服装头部,070_0000,
292,1,樱服装身体,070_0000,
292,2,樱服装腕部,070_0000,
292,3,樱服装腰部,070_0000,
292,4,樱服装脚部,070_0000,
293,0,杰洛特面罩α,118_0000,
293,1,杰洛特身体α,118_0000,
293,2,杰洛特腕甲α,118_0000,
293,3,杰洛特的腰α,118_0000,
293,4,杰洛特护腿α,118_0000,
294,0,希里面罩α,119_0000,
294,1,希里身体α,119_0000,
294,2,希里腕甲α,119_0000,
294,3,希里的腰α,119_0000,
294,4,希里护腿α,119_0000,
295,0,杰洛特服装头部,118_0000,
295,1,杰洛特服装身体,118_0000,
295,2,杰洛特服装腕部,118_0000,
295,3,杰洛特服装腰部,118_0000,
295,4,杰洛特服装脚部,118_0000,
296,0,希里服装头部,119_0000,
296,1,希里服装身体,119_0000,
296,2,希里服装腕部,119_0000,
296,3,希里服装腰部,119_0000,
296,4,希里服装脚部,119_0000,
297,0,巴耶克服装头部,120_0000,
297,1,巴耶克服装身体,120_0000,
297,2,巴耶克服装腕部,120_0000,
297,3,巴耶克服装腰部,120_0000,
297,4,巴耶克服装脚部,120_0000,
300,0,冰狼服装头部,105_0000,
300,1,冰狼服装身体,105_0000,
300,2,冰狼服装腕部,105_0000,
300,3,冰狼服装腰部,105_0000,
300,4,冰狼服装脚部,105_0000,
301,0,守护者服装头部,121_0000,
301,1,守护者服装身体,121_0000,
301,2,守护者服装腕部,121_0000,
301,3,守护者服装腰部,121_0000,
301,4,守护者服装脚部,121_0000,
302,0,精英骨制头盔α,003_0000,
302,1,精英骨制铠甲α,003_0000,
302,2,精英骨制腕甲α,003_0000,
302,3,精英骨制腰甲α,003_0000,
302,4,精英骨制护腿α,003_0000,
303,0,精英骨制头盔β,003_0000,
303,1,精英骨制铠甲β,003_0000,
303,2,精英骨制腕甲β,003_0000,
303,3,精英骨制腰甲β,003_0000,
303,4,精英骨制护腿β,003_0000,
304,0,精英合金头盔α,004_0000,
304,1,精英合金铠甲α,004_0000,
304,2,精英合金腕甲α,004_0000,
304,3,精英合金腰甲α,004_0000,
304,4,精英合金护腿α,004_0000,
305,0,精英合金头盔β,004_0000,
305,1,精英合金铠甲β,004_0000,
305,2,精英合金腕甲β,004_0000,
305,3,精英合金腰甲β,004_0000,
305,4,精英合金护腿β,004_0000,
306,0,精英巨蜂头盔α,007_0001,
306,1,精英巨蜂铠甲α,007_0001,
306,2,精英巨蜂腕甲α,007_0001,
306,3,精英巨蜂腰甲α,007_0001,
306,4,精英巨蜂护腿α,007_0001,
307,0,精英巨蜂头盔β,007_0001,
307,1,精英巨蜂铠甲β,007_0001,
307,2,精英巨蜂腕甲β,007_0001,
307,3,精英巨蜂腰甲β,007_0001,
307,4,精英巨蜂护腿β,007_0001,
308,0,精英巨甲虫头盔α,017_0001,
308,1,精英巨甲虫铠甲α,017_0001,
308,2,精英巨甲虫腕甲α,017_0001,
308,3,精英巨甲虫腰甲α,017_0001,
308,4,精英巨甲虫护腿α,017_0001,
309,0,精英巨甲虫头盔β,017_0001,
309,1,精英巨甲虫铠甲β,017_0001,
309,2,精英巨甲虫腕甲β,017_0001,
309,3,精英巨甲虫腰甲β,017_0001,
309,4,精英巨甲虫护腿β,017_0001,
310,2,精英冠突龙护手α,005_0000,
311,2,精英冠突龙护手β,005_0000,
312,4,精英咬鱼靴α,006_0000,
313,4,精英咬鱼靴β,006_0000,
314,0,精英猫蜥龙护目镜α,058_0000,
315,0,精英猫蜥龙护目镜β,058_0000,
316,0,精英突击龙角α,015_0000,
317,0,精英突击龙角β,015_0000,
318,1,精英酸翼龙斗篷α,016_0000,
319,1,精英酸翼龙斗篷β,016_0000,
320,0,精英冰豺狼围巾α,102_0000,
321,0,精英冰豺狼围巾β,102_0000,
322,1,精英冬翼龙斗篷α,103_0000,
323,1,精英冬翼龙斗篷β,103_0000,
324,0,精英贼龙头盔α,008_0001,
324,1,精英贼龙铠甲α,008_0001,
324,2,精英贼龙腕甲α,008_0001,
324,3,精英贼龙腰甲α,008_0001,
324,4,精英贼龙护腿α,008_0001,
325,0,精英贼龙头盔β,008_0001,
325,1,精英贼龙铠甲β,008_0001,
325,2,精英贼龙腕甲β,008_0001,
325,3,精英贼龙腰甲β,008_0001,
325,4,精英贼龙护腿β,008_0001,
326,0,精英眩鸟头盔α,023_0001,
326,1,精英眩鸟铠甲α,023_0001,
326,2,精英眩鸟腕甲α,023_0001,
326,3,精英眩鸟腰甲α,023_0001,
326,4,精英眩鸟护腿α,023_0001,
327,0,精英眩鸟头盔β,023_0001,
327,1,精英眩鸟铠甲β,023_0001,
327,2,精英眩鸟腕甲β,023_0001,
327,3,精英眩鸟腰甲β,023_0001,
327,4,精英眩鸟护腿β,023_0001,
328,0,精英痹贼龙头盔α,022_0001,
328,1,精英痹贼龙铠甲α,022_0001,
328,2,精英痹贼龙腕甲α,022_0001,
328,3,精英痹贼龙腰甲α,022_0001,
328,4,精英痹贼龙护腿α,022_0001,
329,0,精英痹贼龙头盔β,022_0001,
329,1,精英痹贼龙铠甲β,022_0001,
329,2,精英痹贼龙腕甲β,022_0001,
329,3,精英痹贼龙腰甲β,022_0001,
329,4,精英痹贼龙护腿β,022_0001,
330,0,精英岩贼龙头盔α,039_0001,
330,1,精英岩贼龙铠甲α,039_0001,
330,2,精英岩贼龙腕甲α,039_0001,
330,3,精英岩贼龙腰甲α,039_0001,
330,4,精英岩贼龙护腿α,039_0001,
331,0,精英岩贼龙头盔β,039_0001,
331,1,精英岩贼龙铠甲β,039_0001,
331,2,精英岩贼龙腕甲β,039_0001,
331,3,精英岩贼龙腰甲β,039_0001,
331,4,精英岩贼龙护腿β,039_0001,
332,0,精英搔鸟头盔α,009_0001,
332,1,精英搔鸟铠甲α,009_0001,
332,2,精英搔鸟腕甲α,009_0001,
332,3,精英搔鸟腰甲α,009_0001,
332,4,精英搔鸟护腿α,009_0001,
333,0,精英搔鸟头盔β,009_0001,
333,1,精英搔鸟铠甲β,009_0001,
333,2,精英搔鸟腕甲β,009_0001,
333,3,精英搔鸟腰甲β,009_0001,
333,4,精英搔鸟护腿β,009_0001,
334,0,精英毒妖鸟头盔α,010_0001,
334,1,精英毒妖鸟铠甲α,010_0001,
334,2,精英毒妖鸟腕甲α,010_0001,
334,3,精英毒妖鸟腰甲α,010_0001,
334,4,精英毒妖鸟护腿α,010_0001,
335,0,精英毒妖鸟头盔β,010_0001,
335,1,精英毒妖鸟铠甲β,010_0001,
335,2,精英毒妖鸟腕甲β,010_0001,
335,3,精英毒妖鸟腰甲β,010_0001,
335,4,精英毒妖鸟护腿β,010_0001,
336,0,精英土砂龙头盔α,012_0001,
336,1,精英土砂龙铠甲α,012_0001,
336,2,精英土砂龙腕甲α,012_0001,
336,3,精英土砂龙腰甲α,012_0001,
336,4,精英土砂龙护腿α,012_0001,
337,0,精英土砂龙头盔β,012_0001,
337,1,精英土砂龙铠甲β,012_0001,
337,2,精英土砂龙腕甲β,012_0001,
337,3,精英土砂龙腰甲β,012_0001,
337,4,精英土砂龙护腿β,012_0001,
338,0,精英泥鱼龙头盔α,011_0001,
338,1,精英泥鱼龙铠甲α,011_0001,
338,2,精英泥鱼龙腕甲α,011_0001,
338,3,精英泥鱼龙腰甲α,011_0001,
338,4,精英泥鱼龙护腿α,011_0001,
339,0,精英泥鱼龙头盔β,011_0001,
339,1,精英泥鱼龙铠甲β,011_0001,
339,2,精英泥鱼龙腕甲β,011_0001,
339,3,精英泥鱼龙腰甲β,011_0001,
339,4,精英泥鱼龙护腿β,011_0001,
340,0,精英冰鱼龙头盔α,110_0000,
340,1,精英冰鱼龙铠甲α,110_0000,
340,2,精英冰鱼龙腕甲α,110_0000,
340,3,精英冰鱼龙腰甲α,110_0000,
340,4,精英冰鱼龙护腿α,110_0000,
341,0,精英冰鱼龙头盔β,110_0000,
341,1,精英冰鱼龙铠甲β,110_0000,
341,2,精英冰鱼龙腕甲β,110_0000,
341,3,精英冰鱼龙腰甲β,110_0000,
341,4,精英冰鱼龙护腿β,110_0000,
342,0,精英飞雷龙头盔α,013_0001,
342,1,精英飞雷龙铠甲α,013_0001,
342,2,精英飞雷龙腕甲α,013_0001,
342,3,精英飞雷龙腰甲α,013_0001,
342,4,精英飞雷龙护腿α,013_0001,
343,0,精英飞雷龙头盔β,013_0001,
343,1,精英飞雷龙铠甲β,013_0001,
343,2,精英飞雷龙腕甲β,013_0001,
343,3,精英飞雷龙腰甲β,013_0001,
343,4,精英飞雷龙护腿β,013_0001,
344,0,精英矿石头盔α,025_0000,
344,1,精英矿石铠甲α,025_0000,
344,2,精英矿石腕甲α,025_0000,
344,3,精英矿石腰甲α,025_0000,
344,4,精英矿石护腿α,025_0000,
345,0,精英矿石头盔β,025_0000,
345,1,精英矿石铠甲β,025_0000,
345,2,精英矿石腕甲β,025_0000,
345,3,精英矿石腰甲β,025_0000,
345,4,精英矿石护腿β,025_0000,
346,0,精英猛牛龙头盔α,084_0000,
346,1,精英猛牛龙铠甲α,084_0000,
346,2,精英猛牛龙腕甲α,084_0000,
346,3,精英猛牛龙腰甲α,084_0000,
346,4,精英猛牛龙护腿α,084_0000,
347,0,精英猛牛龙头盔β,084_0010,
347,1,精英猛牛龙铠甲β,084_0010,
347,2,精英猛牛龙腕甲β,084_0010,
347,3,精英猛牛龙腰甲β,084_0010,
347,4,精英猛牛龙护腿β,084_0010,
348,0,精英蛮颚龙头盔α,020_0001,
348,1,精英蛮颚龙铠甲α,020_0001,
348,2,精英蛮颚龙腕甲α,020_0001,
348,3,精英蛮颚龙腰甲α,020_0001,
348,4,精英蛮颚龙护腿α,020_0001,
349,0,精英蛮颚龙头盔β,020_0011,
349,1,精英蛮颚龙铠甲β,020_0011,
349,2,精英蛮颚龙腕甲β,020_0011,
349,3,精英蛮颚龙腰甲β,020_0011,
349,4,精英蛮颚龙护腿β,020_0011,
350,0,精英雌火龙头盔α,021_0001,
350,1,精英雌火龙铠甲α,021_0001,
350,2,精英雌火龙腕甲α,021_0001,
350,3,精英雌火龙腰甲α,021_0001,
350,4,精英雌火龙护腿α,021_0001,
351,0,精英雌火龙头盔β,021_0011,
351,1,精英雌火龙铠甲β,021_0011,
351,2,精英雌火龙腕甲β,021_0011,
351,3,精英雌火龙腰甲β,021_0011,
351,4,精英雌火龙护腿β,021_0011,
352,0,精英火龙心头盔α,021_0101,
352,1,精英火龙心铠甲α,021_0101,
352,2,精英火龙心腕甲α,021_0101,
352,3,精英火龙心腰甲α,021_0101,
352,4,精英火龙心护腿α,021_0101,
353,0,精英火龙心头盔β,021_0111,
353,1,精英火龙心铠甲β,021_0111,
353,2,精英火龙心腕甲β,021_0111,
353,3,精英火龙心腰甲β,021_0111,
353,4,精英火龙心护腿β,021_0111,
354,0,精英浮空龙头盔α,024_0001,
354,1,精英浮空龙铠甲α,024_0001,
354,2,精英浮空龙腕甲α,024_0001,
354,3,精英浮空龙腰甲α,024_0001,
354,4,精英浮空龙护腿α,024_0001,
355,0,精英浮空龙头盔β,024_0001,
355,1,精英浮空龙铠甲β,024_0001,
355,2,精英浮空龙腕甲β,024_0001,
355,3,精英浮空龙腰甲β,024_0001,
355,4,精英浮空龙护腿β,024_0001,
356,0,精英浮梦头盔α,024_0101,
356,1,精英浮梦铠甲α,024_0101,
356,2,精英浮梦腕甲α,024_0101,
356,3,精英浮梦腰甲α,024_0101,
356,4,精英浮梦护腿α,024_0101,
357,0,精英浮梦头盔β,024_0101,
357,1,精英浮梦铠甲β,024_0101,
357,2,精英浮梦腕甲β,024_0101,
357,3,精英浮梦腰甲β,024_0101,
357,4,精英浮梦护腿β,024_0101,
358,0,精英妖水头盔α,010_0101,
358,1,精英妖水铠甲α,010_0101,
358,2,精英妖水腕甲α,010_0101,
358,3,精英妖水腰甲α,010_0101,
358,4,精英妖水护腿α,010_0101,
359,0,精英妖水头盔β,010_0101,
359,1,精英妖水铠甲β,010_0101,
359,2,精英妖水腕甲β,010_0101,
359,3,精英妖水腰甲β,010_0101,
359,4,精英妖水护腿β,010_0101,
360,0,精英朱毒头盔α,013_0101,
360,1,精英朱毒铠甲α,013_0101,
360,2,精英朱毒腕甲α,013_0101,
360,3,精英朱毒腰甲α,013_0101,
360,4,精英朱毒护腿α,013_0101,
361,0,精英朱毒头盔β,013_0101,
361,1,精英朱毒铠甲β,013_0101,
361,2,精英朱毒腕甲β,013_0101,
361,3,精英朱毒腰甲β,013_0101,
361,4,精英朱毒护腿β,013_0101,
362,0,精英骨锤龙头盔α,028_0001,
362,1,精英骨锤龙铠甲α,028_0001,
362,2,精英骨锤龙腕甲α,028_0001,
362,3,精英骨锤龙腰甲α,028_0001,
362,4,精英骨锤龙护腿α,028_0001,
363,0,精英骨锤龙头盔β,028_0001,
363,1,精英骨锤龙铠甲β,028_0001,
363,2,精英骨锤龙腕甲β,028_0001,
363,3,精英骨锤龙腰甲β,028_0001,
363,4,精英骨锤龙护腿β,028_0001,
364,0,皮制服装头部,001_0000,
364,1,皮制服装身体,001_0000,
364,2,皮制服装腕部,001_0000,
364,3,皮制服装腰部,001_0000,
364,4,皮制服装脚部,001_0000,
365,0,锁甲服装头部,014_0000,
365,1,锁甲服装身体,014_0000,
365,2,锁甲服装腕部,014_0000,
365,3,锁甲服装腰部,014_0000,
365,4,锁甲服装脚部,014_0000,
366,0,猎人α服装头部,002_0000,
366,1,猎人α服装身体,002_0000,
366,2,猎人α服装腕部,002_0000,
366,3,猎人α服装腰部,002_0000,
366,4,猎人α服装脚部,002_0000,
367,0,猎人β服装头部,002_0010,
367,1,猎人β服装身体,002_0010,
367,2,猎人β服装腕部,002_0010,
367,3,猎人β服装腰部,002_0010,
367,4,猎人β服装脚部,002_0010,
368,0,骨制服装头部,003_0000,
368,1,骨制服装身体,003_0000,
368,2,骨制服装腕部,003_0000,
368,3,骨制服装腰部,003_0000,
368,4,骨制服装脚部,003_0000,
369,0,合金服装头部,004_0000,
369,1,合金服装身体,004_0000,
369,2,合金服装腕部,004_0000,
369,3,合金服装腰部,004_0000,
369,4,合金服装脚部,004_0000,
370,0,巨蜂服装头部,007_0000,
370,1,巨蜂服装身体,007_0000,
370,2,巨蜂服装腕部,007_0000,
370,3,巨蜂服装腰部,007_0000,
370,4,巨蜂服装脚部,007_0000,
371,0,巨甲服装头部,017_0000,
371,1,巨甲服装身体,017_0000,
371,2,巨甲服装腕部,017_0000,
371,3,巨甲服装腰部,017_0000,
371,4,巨甲服装脚部,017_0000,
372,2,冠突龙服装腕部,005_0000,
373,4,咬鱼服装脚部,006_0000,
374,0,精英敏捷耳饰α,095_0000,
375,0,温泉金猴服装,113_0001,
376,0,猫蜥龙服装头部,058_0000,
377,0,精灵鹿头套服装,096_0000,
378,0,精英铸铁头盔α,031_0000,
378,1,精英铸铁铠甲α,031_0000,
378,2,精英铸铁腕甲α,031_0000,
378,3,精英铸铁腰甲α,031_0000,
378,4,精英铸铁护腿α,031_0000,
379,0,精英铸铁头盔β,031_0000,
379,1,精英铸铁铠甲β,031_0000,
379,2,精英铸铁腕甲β,031_0000,
379,3,精英铸铁腰甲β,031_0000,
379,4,精英铸铁护腿β,031_0000,
380,0,精英冰牙龙头盔α,089_0000,
380,1,精英冰牙龙铠甲α,089_0000,
380,2,精英冰牙龙腕甲α,089_0000,
380,3,精英冰牙腰甲α,089_0000,
380,4,精英冰牙龙护腿α,089_0000,
381,0,精英冰牙龙头盔β,089_0010,
381,1,精英冰牙龙铠甲β,089_0010,
381,2,精英冰牙龙腕甲β,089_0010,
381,3,精英冰牙龙腰甲β,089_0010,
381,4,精英冰牙龙护腿β,089_0010,
382,0,精英火龙头盔α,033_0001,
382,1,精英火龙铠甲α,033_0001,
382,2,精英火龙腕甲α,033_0001,
382,3,精英火龙腰甲α,033_0001,
382,4,精英火龙护腿α,033_0001,
383,0,精英火龙头盔β,033_0011,
383,1,精英火龙铠甲β,033_0011,
383,2,精英火龙腕甲β,033_0011,
383,3,精英火龙腰甲β,033_0011,
383,4,精英火龙护腿β,033_0011,
384,0,精英角龙头盔α,034_0001,
384,1,精英角龙铠甲α,034_0001,
384,2,精英角龙腕甲α,034_0001,
384,3,精英角龙腰甲α,034_0001,
384,4,精英角龙护腿α,034_0001,
385,0,精英角龙头盔β,034_0011,
385,1,精英角龙铠甲β,034_0011,
385,2,精英角龙腕甲β,034_0011,
385,3,精英角龙腰甲β,034_0011,
385,4,精英角龙护腿β,034_0011,
386,0,精英风漂龙头盔α,027_0001,
386,1,精英风漂龙铠甲α,027_0001,
386,2,精英风漂龙腕甲α,027_0001,
386,3,精英风漂龙腰甲α,027_0001,
386,4,精英风漂龙护腿α,027_0001,
387,0,精英风漂龙头盔β,027_0011,
387,1,精英风漂龙铠甲β,027_0011,
387,2,精英风漂龙腕甲β,027_0011,
387,3,精英风漂龙腰甲β,027_0011,
387,4,精英风漂龙护腿β,027_0011,
388,0,精英惨爪头盔α,029_0001,
388,1,精英惨爪铠甲α,029_0001,
388,2,精英惨爪腕甲α,029_0001,
388,3,精英惨爪腰甲α,029_0001,
388,4,精英惨爪护腿α,029_0001,
389,0,精英惨爪头盔β,029_0011,
389,1,精英惨爪铠甲β,029_0011,
389,2,精英惨爪腕甲β,029_0011,
389,3,精英惨爪腰甲β,029_0011,
389,4,精英惨爪护腿β,029_0011,
390,0,精英熔岩龙头盔α,040_0001,
390,1,精英熔岩龙铠甲α,040_0001,
390,2,精英熔岩龙腕甲α,040_0001,
390,3,精英熔岩龙腰甲α,040_0001,
390,4,精英熔岩龙护腿α,040_0001,
391,0,精英熔岩龙头盔β,040_0001,
391,1,精英熔岩龙铠甲β,040_0001,
391,2,精英熔岩龙腕甲β,040_0001,
391,3,精英熔岩龙腰甲β,040_0001,
391,4,精英熔岩龙护腿β,040_0001,
392,0,精英爆锤龙头盔α,041_0001,
392,1,精英爆锤龙铠甲α,041_0001,
392,2,精英爆锤龙腕甲α,041_0001,
392,3,精英爆锤龙腰甲α,041_0001,
392,4,精英爆锤龙护腿α,041_0001,
393,0,精英爆锤龙头盔β,041_0001,
393,1,精英爆锤龙铠甲β,041_0001,
393,2,精英爆锤龙腕甲β,041_0001,
393,3,精英爆锤龙腰甲β,041_0001,
393,4,精英爆锤龙护腿β,041_0001,
394,0,精英迅龙头盔α,080_0000,
394,1,精英迅龙铠甲α,080_0000,
394,2,精英迅龙腕甲α,080_0000,
394,3,精英迅龙腰甲α,080_0000,
394,4,精英迅龙护腿α,080_0000,
395,0,精英迅龙头盔β,080_0010,
395,1,精英迅龙铠甲β,080_0010,
395,2,精英迅龙腕甲β,080_0010,
395,3,精英迅龙腰甲β,080_0010,
395,4,精英迅龙护腿β,080_0010,
396,0,精英斩龙头盔α,081_0000,
396,1,精英斩龙铠甲α,081_0000,
396,2,精英斩龙腕甲α,081_0000,
396,3,精英斩龙腰甲α,081_0000,
396,4,精英斩龙护腿α,081_0000,
397,0,精英斩龙头盔β,081_0010,
397,1,精英斩龙铠甲β,081_0010,
397,2,精英斩龙腕甲β,081_0010,
397,3,精英斩龙腰甲β,081_0010,
397,4,精英斩龙护腿β,081_0010,
398,0,精英碎龙头盔α,082_0000,
398,1,精英碎龙铠甲α,082_0000,
398,2,精英碎龙腕甲α,082_0000,
398,3,精英碎龙腰甲α,082_0000,
398,4,精英碎龙护腿α,082_0000,
399,0,精英碎龙头盔β,082_0010,
399,1,精英碎龙铠甲β,082_0010,
399,2,精英碎龙腕甲β,082_0010,
399,3,精英碎龙腰甲β,082_0010,
399,4,精英碎龙护腿β,082_0010,
400,0,精英轰龙头盔α,083_0000,
400,1,精英轰龙铠甲α,083_0000,
400,2,精英轰龙腕甲α,083_0000,
400,3,精英轰龙腰甲α,083_0000,
400,4,精英轰龙护腿α,083_0000,
401,0,精英轰龙头盔β,083_0010,
401,1,精英轰龙铠甲β,083_0010,
401,2,精英轰龙腕甲β,083_0010,
401,3,精英轰龙腰甲β,083_0010,
401,4,精英轰龙护腿β,083_0010,
402,0,精英雷颚头盔α,020_0101,
402,1,精英雷颚铠甲α,020_0101,
402,2,精英雷颚腕甲α,020_0101,
402,3,精英雷颚腰甲α,020_0101,
402,4,精英雷颚护腿α,020_0101,
403,0,精英雷颚头盔β,020_0111,
403,1,精英雷颚铠甲β,020_0111,
403,2,精英雷颚腕甲β,020_0111,
403,3,精英雷颚腰甲β,020_0111,
403,4,精英雷颚护腿β,020_0111,
404,0,贼龙服装头部,008_0000,
404,1,贼龙服装身体,008_0000,
404,2,贼龙服装腕部,008_0000,
404,3,贼龙服装腰部,008_0000,
404,4,贼龙服装脚部,008_0000,
405,0,搔鸟服装头部,009_0000,
405,1,搔鸟服装身体,009_0000,
405,2,搔鸟服装腕部,009_0000,
405,3,搔鸟服装腰部,009_0000,
405,4,搔鸟服装脚部,009_0000,
406,0,精英黑带头盔α,093_0000,
406,1,精英黑带铠甲α,093_0000,
406,2,精英黑带腕甲α,093_0000,
406,3,精英黑带腰甲α,093_0000,
406,4,精英黑带护腿α,093_0000,
407,0,精英黑带头盔β,093_0000,
407,1,精英黑带铠甲β,093_0000,
407,2,精英黑带腕甲β,093_0000,
407,3,精英黑带腰甲β,093_0000,
407,4,精英黑带护腿β,093_0000,
408,0,龙王的独眼服装,061_0000,
409,0,知性眼镜服装,060_0000,
410,0,羽毛装饰服装,037_0000,
411,0,眩鸟服装头部,023_0000,
411,1,眩鸟服装身体,023_0000,
411,2,眩鸟服装腕部,023_0000,
411,3,眩鸟服装腰部,023_0000,
411,4,眩鸟服装脚部,023_0000,
412,0,痹贼龙服装头部,022_0000,
412,1,痹贼龙服装身体,022_0000,
412,2,痹贼龙服装腕部,022_0000,
412,3,痹贼龙服装腰部,022_0000,
412,4,痹贼龙服装脚部,022_0000,
413,0,精英霜漂头盔α,027_0500,
413,1,精英霜漂铠甲α,027_0500,
413,2,精英霜漂腕甲α,027_0500,
413,3,精英霜漂腰甲α,027_0500,
413,4,精英霜漂护腿α,027_0500,
414,0,精英霜漂头盔β,027_0510,
414,1,精英霜漂铠甲β,027_0510,
414,2,精英霜漂腕甲β,027_0510,
414,3,精英霜漂腰甲β,027_0510,
414,4,精英霜漂护腿β,027_0510,
415,0,精英火龙魂头盔α,033_0101,
415,1,精英火龙魂铠甲α,033_0101,
415,2,精英火龙魂腕甲α,033_0101,
415,3,精英火龙魂腰甲α,033_0101,
415,4,精英火龙魂护腿α,033_0101,
416,0,精英火龙魂头盔β,033_0111,
416,1,精英火龙魂铠甲β,033_0111,
416,2,精英火龙魂腕甲β,033_0111,
416,3,精英火龙魂腰甲β,033_0111,
416,4,精英火龙魂护腿β,033_0111,
417,0,精英暴君角龙头盔α,034_0101,
417,1,精英暴君角龙铠甲α,034_0101,
417,2,精英暴君角龙腕甲α,034_0101,
417,3,精英暴君角龙腰甲α,034_0101,
417,4,精英暴君角龙护腿α,034_0101,
418,0,精英暴君角龙头盔β,034_0111,
418,1,精英暴君角龙铠甲β,034_0111,
418,2,精英暴君角龙腕甲β,034_0111,
418,3,精英暴君角龙腰甲β,034_0111,
418,4,精英暴君角龙护腿β,034_0111,
419,0,精英亡爪头盔α,029_0101,
419,1,精英亡爪铠甲α,029_0101,
419,2,精英亡爪腕甲α,029_0101,
419,3,精英亡爪腰甲α,029_0101,
419,4,精英亡爪护腿α,029_0101,
420,0,精英亡爪头盔β,029_0111,
420,1,精英亡爪铠甲β,029_0111,
420,2,精英亡爪腕甲β,029_0111,
420,3,精英亡爪腰甲β,029_0111,
420,4,精英亡爪护腿β,029_0111,
421,0,精英斩黄头盔α,081_0100,
421,1,精英斩黄铠甲α,081_0100,
421,2,精英斩黄腕甲α,081_0100,
421,3,精英斩黄腰甲α,081_0100,
421,4,精英斩黄护腿α,081_0100,
422,0,精英斩黄头盔β,081_0110,
422,1,精英斩黄铠甲β,081_0110,
422,2,精英斩黄腕甲β,081_0110,
422,3,精英斩黄腰甲β,081_0110,
422,4,精英斩黄护腿β,081_0110,
423,0,精英机械头盔α,091_0000,
423,1,精英机械铠甲α,091_0000,
423,2,精英机械腕甲α,091_0000,
423,3,精英机械腰甲α,091_0000,
423,4,精英机械护腿α,091_0000,
424,0,精英机械头盔β,091_0000,
424,1,精英机械铠甲β,091_0000,
424,2,精英机械腕甲β,091_0000,
424,3,精英机械腰甲β,091_0000,
424,4,精英机械护腿β,091_0000,
425,0,骷髅方巾服装,099_0000,
426,0,毒妖鸟α服装头部,010_0000,
426,1,毒妖鸟α服装身体,010_0000,
426,2,毒妖鸟α服装腕部,010_0000,
426,3,毒妖鸟α服装腰部,010_0000,
426,4,毒妖鸟α服装脚部,010_0000,
427,0,毒妖鸟β服装头部,010_0010,
427,1,毒妖鸟β服装身体,010_0010,
427,2,毒妖鸟β服装腕部,010_0010,
427,3,毒妖鸟β服装腰部,010_0010,
427,4,毒妖鸟β服装脚部,010_0010,
428,0,精英杜宾头盔α,044_0000,
428,1,精英杜宾铠甲α,044_0000,
428,2,精英杜宾腕甲α,044_0000,
428,3,精英杜宾腰甲α,044_0000,
428,4,精英杜宾护腿α,044_0000,
429,0,精英杜宾头盔β,044_0000,
429,1,精英杜宾铠甲β,044_0000,
429,2,精英杜宾腕甲β,044_0000,
429,3,精英杜宾腰甲β,044_0000,
429,4,精英杜宾护腿β,044_0000,
430,0,精英大马士革头盔α,043_0000,
430,1,精英大马士革铠甲α,043_0000,
430,2,精英大马士革腕甲α,043_0000,
430,3,精英大马士革腰甲α,043_0000,
430,4,精英大马士革护腿α,043_0000,
431,0,精英大马士革头盔β,043_0010,
431,1,精英大马士革铠甲β,043_0010,
431,2,精英大马士革腕甲β,043_0010,
431,3,精英大马士革腰甲β,043_0010,
431,4,精英大马士革护腿β,043_0010,
432,0,精英雪崩头盔α,085_0000,
432,1,精英雪崩铠甲α,085_0000,
432,2,精英雪崩腕甲α,085_0000,
432,3,精英雪崩腰甲α,085_0000,
432,4,精英雪崩护腿α,085_0000,
433,0,精英雪崩头盔β,085_0010,
433,1,精英雪崩铠甲β,085_0010,
433,2,精英雪崩腕甲β,085_0010,
433,3,精英雪崩腰甲β,085_0010,
433,4,精英雪崩护腿β,085_0010,
434,0,精英矜持头盔α,042_0500,
434,1,精英矜持铠甲α,042_0500,
434,2,精英矜持腕甲α,042_0500,
434,3,精英矜持腰甲α,042_0500,
434,4,精英矜持护腿α,042_0500,
435,0,精英矜持头盔β,042_0510,
435,1,精英矜持铠甲β,042_0510,
435,2,精英矜持腕甲β,042_0510,
435,3,精英矜持腰甲β,042_0510,
435,4,精英矜持护腿β,042_0510,
436,0,精英死灭头盔α,032_0500,
436,1,精英死灭铠甲α,032_0500,
436,2,精英死灭腕甲α,032_0500,
436,3,精英死灭腰甲α,032_0500,
436,4,精英死灭护腿α,032_0500,
437,0,精英死灭头盔β,032_0510,
437,1,精英死灭铠甲β,032_0510,
437,2,精英死灭腕甲β,032_0510,
437,3,精英死灭腰甲β,032_0510,
437,4,精英死灭护腿β,032_0510,
438,0,精英帝王皇冠α,046_0001,
438,1,精英帝王铠甲α,046_0001,
438,2,精英帝王腕甲α,046_0001,
438,3,精英帝王腰甲α,046_0001,
438,4,精英帝王护腿α,046_0001,
439,0,精英帝王皇冠β,046_0011,
439,1,精英帝王铠甲β,046_0011,
439,2,精英帝王腕甲β,046_0011,
439,3,精英帝王腰甲β,046_0011,
439,4,精英帝王护腿β,046_0011,
440,0,精英钢龙强力α,047_0001,
440,1,精英钢龙恐惧α,047_0001,
440,2,精英钢龙刚强α,047_0001,
440,3,精英钢龙安稳α,047_0001,
440,4,精英钢龙踏实α,047_0001,
441,0,精英钢龙强力β,047_0011,
441,1,精英钢龙恐惧β,047_0011,
441,2,精英钢龙刚强β,047_0011,
441,3,精英钢龙安稳β,047_0011,
441,4,精英钢龙踏实β,047_0011,
442,0,精英麒麟角α,035_0001,
442,1,精英麒麟服饰α,035_0001,
442,2,精英麒麟长腕甲α,035_0001,
442,3,精英麒麟腰环α,035_0001,
442,4,精英麒麟护胫α,035_0001,
443,0,精英麒麟角β,035_0011,
443,1,精英麒麟服饰β,035_0011,
443,2,精英麒麟长腕甲β,035_0011,
443,3,精英麒麟腰环β,035_0011,
443,4,精英麒麟护胫β,035_0011,
444,0,精英触角头盔α,086_0000,
444,1,精英触角铠甲α,086_0000,
444,2,精英触角腕甲α,086_0000,
444,3,精英触角腰甲α,086_0000,
444,4,精英触角护腿α,086_0000,
445,0,精英触角头盔β,086_0010,
445,1,精英触角铠甲β,086_0010,
445,2,精英触角腕甲β,086_0010,
445,3,精英触角腰甲β,086_0010,
445,4,精英触角护腿β,086_0010,
446,0,蒸汽贵族α服装头部,104_0000,
446,1,蒸汽贵族α服装身体,104_0000,
446,2,蒸汽贵族α服装腕部,104_0000,
446,3,蒸汽贵族α服装腰部,104_0000,
446,4,蒸汽贵族α服装脚部,104_0000,
447,0,土砂龙服装头部,012_0000,
447,1,土砂龙服装身体,012_0000,
447,2,土砂龙服装腕部,012_0000,
447,3,土砂龙服装腰部,012_0000,
447,4,土砂龙服装脚部,012_0000,
448,0,精英公会宫殿头盔α,094_0000,
448,1,精英公会宫殿铠甲α,094_0000,
448,2,精英公会宫殿腕甲α,094_0000,
448,3,精英公会宫殿腰甲α,094_0000,
448,4,精英公会宫殿护腿α,094_0000,
449,0,精英公会宫殿头盔β,094_0000,
449,1,精英公会宫殿铠甲β,094_0000,
449,2,精英公会宫殿腕甲β,094_0000,
449,3,精英公会宫殿腰甲β,094_0000,
449,4,精英公会宫殿护腿β,094_0000,
450,0,精英弧锁头盔α,104_0000,
450,1,精英弧锁铠甲α,104_0000,
450,2,精英弧锁腕甲α,104_0000,
450,3,精英弧锁腰甲α,104_0000,
450,4,精英弧锁护腿α,104_0000,
451,0,精英弧锁头盔β,104_0010,
451,1,精英弧锁铠甲β,104_0000,
451,2,精英弧锁腕甲β,104_0000,
451,3,精英弧锁腰甲β,104_0000,
451,4,精英弧锁护腿β,104_0000,
452,0,水晶耳环服装,059_0000,
453,0,精英狂纹头盔α,030_0500,
453,1,精英狂纹铠甲α,030_0500,
453,2,精英狂纹腕甲α,030_0500,
453,3,精英狂纹腰甲α,030_0500,
453,4,精英狂纹护腿α,030_0500,
454,0,精英狂纹头盔β,030_0510,
454,1,精英狂纹铠甲β,030_0510,
454,2,精英狂纹腕甲β,030_0510,
454,3,精英狂纹腰甲β,030_0510,
454,4,精英狂纹护腿β,030_0510,
455,0,精英迦楼罗头盔α,088_0000,
455,1,精英迦楼罗铠甲α,088_0000,
455,2,精英迦楼罗腕甲α,088_0000,
455,3,精英迦楼罗腰甲α,088_0000,
455,4,精英迦楼罗护腿α,088_0000,
456,0,精英迦楼罗头盔β,088_0010,
456,1,精英迦楼罗铠甲β,088_0010,
456,2,精英迦楼罗腕甲β,088_0010,
456,3,精英迦楼罗腰甲β,088_0010,
456,4,精英迦楼罗护腿β,088_0010,
457,0,精英贪欲头盔α,050_0500,
457,1,精英贪欲铠甲α,050_0500,
457,2,精英贪欲腕甲α,050_0500,
457,3,精英贪欲腰甲α,050_0500,
457,4,精英贪欲护腿α,050_0500,
458,0,精英贪欲头盔β,050_0510,
458,1,精英贪欲铠甲β,050_0510,
458,2,精英贪欲腕甲β,050_0510,
458,3,精英贪欲腰甲β,050_0510,
458,4,精英贪欲护腿β,050_0510,
459,0,蛮颚龙α服装头部,020_0000,
459,1,蛮颚龙α服装身体,020_0000,
459,2,蛮颚龙α服装腕部,020_0000,
459,3,蛮颚龙α服装腰部,020_0000,
459,4,蛮颚龙α服装脚部,020_0000,
460,0,蛮颚龙β服装头部,020_0010,
460,1,蛮颚龙β服装身体,020_0010,
460,2,蛮颚龙β服装腕部,020_0010,
460,3,蛮颚龙β服装腰部,020_0010,
460,4,蛮颚龙β服装脚部,020_0010,
461,0,精英公会成果头饰α,092_0000,
461,1,精英公会成果身体α,092_0000,
461,2,精英公会成果腕甲α,092_0000,
461,3,精英公会成果腰部α,092_0000,
461,4,精英公会成果靴α,092_0000,
462,0,精英公会成果头饰β,092_0000,
462,1,精英公会成果身体β,092_0000,
462,2,精英公会成果腕甲β,092_0000,
462,3,精英公会成果腰部β,092_0000,
462,4,精英公会成果靴β,092_0000,
463,0,精英佯动耳饰α,095_0010,
464,0,精英金黄澄月头盔α,021_0200,
464,1,精英金黄澄月铠甲α,021_0200,
464,2,精英金黄澄月腕甲α,021_0200,
464,3,精英金黄澄月腰甲α,021_0200,
464,4,精英金黄澄月护腿α,021_0200,
465,0,精英金黄澄月头盔β,021_0210,
465,1,精英金黄澄月铠甲β,021_0210,
465,2,精英金黄澄月腕甲β,021_0210,
465,3,精英金黄澄月腰甲β,021_0210,
465,4,精英金黄澄月护腿β,021_0210,
466,0,精英银白耀日头盔α,033_0200,
466,1,精英银白耀日铠甲α,033_0200,
466,2,精英银白耀日腕甲α,033_0200,
466,3,精英银白耀日腰甲α,033_0200,
466,4,精英银白耀日护腿α,033_0200,
467,0,精英银白耀日头盔β,033_0210,
467,1,精英银白耀日铠甲β,033_0210,
467,2,精英银白耀日腕甲β,033_0210,
467,3,精英银白耀日腰甲β,033_0210,
467,4,精英银白耀日护腿β,033_0210,
468,0,泥鱼龙服装头部,011_0000,
468,1,泥鱼龙服装身体,011_0000,
468,2,泥鱼龙服装腕部,011_0000,
468,3,泥鱼龙服装腰部,011_0000,
468,4,泥鱼龙服装脚部,011_0000,
469,0,飞雷龙服装头部,013_0000,
469,1,飞雷龙服装身体,013_0000,
469,2,飞雷龙服装腕部,013_0000,
469,3,飞雷龙服装腰部,013_0000,
469,4,飞雷龙服装脚部,013_0000,
470,0,精英雷狼龙头盔α,107_0000,
470,1,精英雷狼龙铠甲α,107_0000,
470,2,精英雷狼龙腕甲α,107_0000,
470,3,精英雷狼龙腰甲α,107_0000,
470,4,精英雷狼龙护腿α,107_0000,
471,0,精英雷狼龙头盔β,107_0010,
471,1,精英雷狼龙铠甲β,107_0010,
471,2,精英雷狼龙腕甲β,107_0010,
471,3,精英雷狼龙腰甲β,107_0010,
471,4,精英雷狼龙护腿β,107_0010,
472,0,精英狱狼龙头盔α,107_0100,
472,1,精英狱狼龙铠甲α,107_0100,
472,2,精英狱狼龙腕甲α,107_0100,
472,3,精英狱狼龙腰甲α,107_0100,
472,4,精英狱狼龙护腿α,107_0100,
473,0,精英狱狼龙头盔β,107_0110,
473,1,精英狱狼龙铠甲β,107_0110,
473,2,精英狱狼龙腕甲β,107_0110,
473,3,精英狱狼龙腰甲β,107_0110,
473,4,精英狱狼龙护腿β,107_0110,
474,0,精英黑狼鸟头盔α,108_0000,
474,1,精英黑狼鸟铠甲α,108_0000,
474,2,精英黑狼鸟腕甲α,108_0000,
474,3,精英黑狼鸟腰甲α,108_0000,
474,4,精英黑狼鸟护腿α,108_0000,
475,0,精英黑狼鸟头盔β,108_0010,
475,1,精英黑狼鸟铠甲β,108_0010,
475,2,精英黑狼鸟腕甲β,108_0010,
475,3,精英黑狼鸟腰甲β,108_0010,
475,4,精英黑狼鸟护腿β,108_0010,
476,0,精英铸岛熔岩头饰α,038_0000,
476,1,精英铸岛熔岩皮α,038_0000,
476,2,精英铸岛熔岩钢爪α,038_0000,
476,3,精英铸岛熔岩脊椎α,038_0000,
476,4,精英铸岛熔岩靴α,038_0000,
477,0,精英铸岛熔岩头饰β,038_0010,
477,1,精英铸岛熔岩皮β,038_0010,
477,2,精英铸岛熔岩钢爪β,038_0010,
477,3,精英铸岛熔岩脊椎β,038_0010,
477,4,精英铸岛熔岩靴β,038_0010,
478,0,精英金色毛发α,109_0000,
478,1,精英金色羽织α,109_0000,
478,2,精英金色臂甲α,109_0000,
478,3,精英金色腰带α,109_0000,
478,4,精英金色下裳α,109_0000,
479,0,精英金色毛发β,109_0010,
479,1,精英金色羽织β,109_0010,
479,2,精英金色臂甲β,109_0010,
479,3,精英金色腰带β,109_0010,
479,4,精英金色下裳β,109_0010,
480,0,精英齐天毛发α,109_0500,
480,1,精英齐天衣α,109_0500,
480,2,精英齐天臂甲α,109_0500,
480,3,精英齐天腰带α,109_0500,
480,4,精英齐天腿甲α,109_0500,
481,0,精英齐天毛发β,109_0510,
481,1,精英齐天衣β,109_0510,
481,2,精英齐天臂甲β,109_0510,
481,3,精英齐天腰带β,109_0510,
481,4,精英齐天腿甲β,109_0510,
482,0,精英铁腕头盔α,082_0500,
482,1,精英铁腕铠甲α,082_0500,
482,2,精英铁腕腕甲α,082_0500,
482,3,精英铁腕腰甲α,082_0500,
482,4,精英铁腕护腿α,082_0500,
483,0,精英铁腕头盔β,082_0510,
483,1,精英铁腕铠甲β,082_0510,
483,2,精英铁腕腕甲β,082_0510,
483,3,精英铁腕腰甲β,082_0510,
483,4,精英铁腕护腿β,082_0510,
484,0,精英龙纹刻印封冠α,087_0000,
484,1,精英龙纹刻印封铠α,087_0000,
484,2,精英龙纹刻印封甲α,087_0000,
484,3,精英龙纹刻印封带α,087_0000,
484,4,精英龙纹刻印封靴α,087_0000,
485,0,精英龙纹刻印封冠β,087_0010,
485,1,精英龙纹刻印封铠β,087_0010,
485,2,精英龙纹刻印封甲β,087_0010,
485,3,精英龙纹刻印封带β,087_0010,
485,4,精英龙纹刻印封靴β,087_0010,
486,0,精英煌黑龙智慧α,052_0000,
486,1,精英煌黑龙灵魂α,052_0000,
486,2,精英煌黑龙长腕α,052_0000,
486,3,精英煌黑龙神力α,052_0000,
486,4,精英煌黑龙细鳞α,052_0000,
487,0,精英煌黑龙智慧β,052_0010,
487,1,精英煌黑龙灵魂β,052_0010,
487,2,精英煌黑龙长腕β,052_0010,
487,3,精英煌黑龙神力β,052_0010,
487,4,精英煌黑龙细鳞β,052_0010,
488,0,精英封印的龙骸布α,100_0000,
489,0,精英龙人族之耳α,101_0000,
490,0,草食龙头套服装,097_0000,
491,0,精英企鹅头套α,098_0000,
492,0,精英皇后扇形头盔α,051_0001,
492,1,精英皇后铠甲α,051_0001,
492,2,精英皇后腕甲α,051_0001,
492,3,精英皇后腰甲α,051_0001,
492,4,精英皇后护腿α,051_0001,
493,0,精英皇后扇形头盔β,051_0011,
493,1,精英皇后铠甲β,051_0011,
493,2,精英皇后腕甲β,051_0011,
493,3,精英皇后腰甲β,051_0011,
493,4,精英皇后护腿β,051_0011,
494,0,精英绚辉龙铠罗头盔α,049_0001,
494,1,精英绚辉龙铠罗铠甲α,049_0001,
494,2,精英绚辉龙铠罗腕甲α,049_0001,
494,3,精英绚辉龙铠罗腰甲α,049_0001,
494,4,精英绚辉龙铠罗护腿α,049_0001,
495,0,精英绚辉龙铠罗头盔β,049_0011,
495,1,精英绚辉龙铠罗铠甲β,049_0011,
495,2,精英绚辉龙铠罗腕甲β,049_0011,
495,3,精英绚辉龙铠罗腰甲β,049_0011,
495,4,精英绚辉龙铠罗护腿β,049_0011,
496,0,精英蔷薇头饰α,124_0000,
496,1,精英蔷薇服装α,124_0000,
496,2,精英蔷薇腕甲α,124_0000,
496,3,精英蔷薇皮带α,124_0000,
496,4,精英蔷薇靴α,124_0000,
497,0,浮空龙服装头部,024_0000,
497,1,浮空龙服装身体,024_0000,
497,2,浮空龙服装腕部,024_0000,
497,3,浮空龙服装腰部,024_0000,
497,4,浮空龙服装脚部,024_0000,
498,0,精英热情头饰α,125_0000,
498,1,精英热情身体α,125_0000,
498,2,精英热情腕甲α,125_0000,
498,3,精英热情皮带α,125_0000,
498,4,精英热情靴α,125_0000,
499,0,雌火龙α服装头部,021_0000,
499,1,雌火龙α服装身体,021_0000,
499,2,雌火龙α服装腕部,021_0000,
499,3,雌火龙α服装腰部,021_0000,
499,4,雌火龙α服装脚部,021_0000,
500,0,精英魔界之主靓发α,126_0000,
500,1,精英魔界之主外套α,126_0000,
500,2,精英魔界之主黑腕部α,126_0000,
500,3,精英魔界之主皮带α,126_0000,
500,4,精英魔界之主黑靴α,126_0000,
501,0,雌火龙β服装头部,021_0010,
501,1,雌火龙β服装身体,021_0010,
501,2,雌火龙β服装腕部,021_0010,
501,3,雌火龙β服装腰部,021_0010,
501,4,雌火龙β服装脚部,021_0010,
502,0,精英风火轮头饰α,127_0000,
502,1,精英风火轮服饰α,127_0000,
502,2,精英风火轮腕甲α,127_0000,
502,3,精英风火轮腰部α,127_0000,
502,4,精英风火轮靴α,127_0000,
503,0,骨锤龙α服装头部,028_0000,
503,1,骨锤龙α服装身体,028_0000,
503,2,骨锤龙α服装腕部,028_0000,
503,3,骨锤龙α服装腰部,028_0000,
503,4,骨锤龙α服装脚部,028_0000,
504,0,精英阿斯特拉头纱α,128_0000,
504,1,精英阿斯特拉服饰α,128_0000,
504,2,精英阿斯特拉领巾α,128_0000,
504,3,精英阿斯特拉裙α,128_0000,
504,4,精英阿斯特拉裤α,128_0000,
505,0,骨锤龙β服装头部,028_0010,
505,1,骨锤龙β服装身体,028_0010,
505,2,骨锤龙β服装腕部,028_0010,
505,3,骨锤龙β服装腰部,028_0010,
505,4,骨锤龙β服装脚部,028_0010,
506,0,蔷薇服装头部,124_0000,
506,1,蔷薇服装身体,124_0000,
506,2,蔷薇服装腕部,124_0000,
506,3,蔷薇服装腰部,124_0000,
506,4,蔷薇服装脚部,124_0000,
507,0,热情服装头部,125_0000,
507,1,热情服装身体,125_0000,
507,2,热情服装腕部,125_0000,
507,3,热情服装腰部,125_0000,
507,4,热情服装脚部,125_0000,
508,0,魔界之主服装头部,126_0000,
508,1,魔界之主服装身体,126_0000,
508,2,魔界之主服装腕部,126_0000,
508,3,魔界之主服装腰部,126_0000,
508,4,魔界之主服装脚部,126_0000,
509,0,风火轮服装头部,127_0000,
509,1,风火轮服装身体,127_0000,
509,2,风火轮服装腕部,127_0000,
509,3,风火轮服装腰部,127_0000,
509,4,风火轮服装脚部,127_0000,
510,0,阿斯特拉服装头部,128_0000,
510,1,阿斯特拉服装身体,128_0000,
510,2,阿斯特拉服装腕部,128_0000,
510,3,阿斯特拉服装腰部,128_0000,
510,4,阿斯特拉服装脚部,128_0000,
511,0,矿石服装头部,025_0000,
511,1,矿石服装身体,025_0000,
511,2,矿石服装腕部,025_0000,
511,3,矿石服装腰部,025_0000,
511,4,矿石服装脚部,025_0000,
512,0,浴场服装头,106_0000,
512,1,浴场服装身体,106_0000,
512,2,浴场服装腕,106_0000,
512,3,浴场服装腰,106_0000,
512,4,浴场服装脚,106_0000,
513,0,兔耳朵服装,111_0000,
514,0,柔毛秧鸡服装,112_0000,
515,0,精英温泉银猴α,113_0000,
516,0,飞雷龙围巾服装,114_0000,
517,1,精英健美身体α,115_0000,
517,2,精英健美腕甲α,115_0000,
517,3,精英健美腰部α,115_0000,
517,4,精英健美护腿α,115_0000,
518,0,精英轰吼头盔α,083_0100,
518,1,精英轰吼铠甲α,083_0100,
518,2,精英轰吼腕甲α,083_0100,
518,3,精英轰吼腰甲α,083_0100,
518,4,精英轰吼护腿α,083_0100,
519,0,精英轰吼头盔β,083_0110,
519,1,精英轰吼铠甲β,083_0110,
519,2,精英轰吼腕甲β,083_0110,
519,3,精英轰吼腰甲β,083_0110,
519,4,精英轰吼护腿β,083_0110,
520,0,守护者头盔α,121_0000,
520,1,守护者服装α,121_0000,
520,2,守护者腕甲α,121_0000,
520,3,守护者腰甲α,121_0000,
520,4,守护者靴α,121_0000,
521,0,结云服装头,122_0000,
521,1,结云服装身体,122_0000,
521,2,结云服装腕部,122_0000,
521,3,结云服装腰部,122_0000,
521,4,结云服装脚部,122_0000,
522,0,银骑士服装头部,123_0000,
522,1,银骑士服装身体,123_0000,
522,2,银骑士服装腕部,123_0000,
522,3,银骑士服装腰部,123_0000,
522,4,银骑士服装脚部,123_0000,
524,0,精英触角头盔γ,086_0020,
524,1,精英触角铠甲γ,086_0020,
524,2,精英触角腕甲γ,086_0020,
524,3,精英触角腰甲γ,086_0020,
524,4,精英触角护腿γ,086_0020,
525,0,苍星之将服装头部,072_0000,
525,1,苍星之将服装身体,072_0000,
525,2,苍星之将服装腕部,072_0000,
525,3,苍星之将服装腰部,072_0000,
525,4,苍星之将服装脚部,072_0000,
526,0,精英苍世武士艳发α,072_0001,
526,1,精英苍世武士羽织α,072_0001,
526,2,精英苍世武士袖α,072_0001,
526,3,精英苍世武士带α,072_0001,
526,4,精英苍世武士足履α,072_0001,
527,0,精英雪崩头盔γ,085_0020,
527,1,精英雪崩铠甲γ,085_0020,
527,2,精英雪崩腕甲γ,085_0020,
527,3,精英雪崩腰甲γ,085_0020,
527,4,精英雪崩护腿γ,085_0020,
528,0,精英霜刃冰牙龙头盔α,089_0500,
528,1,精英霜刃冰牙龙铠甲α,089_0500,
528,2,精英霜刃冰牙龙腕甲α,089_0500,
528,3,精英霜刃冰牙龙腰甲α,089_0500,
528,4,精英霜刃冰牙龙护腿α,089_0500,
529,0,精英霜刃冰牙龙头盔β,089_0510,
529,1,精英霜刃冰牙龙铠甲β,089_0510,
529,2,精英霜刃冰牙龙腕甲β,089_0510,
529,3,精英霜刃冰牙龙腰甲β,089_0510,
529,4,精英霜刃冰牙龙护腿β,089_0510,
530,0,精英龙头头盔α,129_0000,
530,1,精英龙皮α,129_0000,
530,2,精英龙钢爪α,129_0000,
530,3,精英龙脊椎α,129_0000,
530,4,精英龙靴α,129_0000,
531,0,精英龙头头盔β,129_0010,
531,1,精英龙皮β,129_0010,
531,2,精英龙钢爪β,129_0010,
531,3,精英龙脊椎β,129_0010,
531,4,精英龙靴β,129_0010,
534,0,精英里昂面罩α,130_0000,
534,1,精英里昂身体α,130_0000,
534,2,精英里昂腕部α,130_0000,
534,3,精英里昂腰部α,130_0000,
534,4,精英里昂脚部α,130_0000,
535,0,精英克莱尔面罩α,131_0000,
535,1,精英克莱尔身体α,131_0000,
535,2,精英克莱尔腕部α,131_0000,
535,3,精英克莱尔腰部α,131_0000,
535,4,精英克莱尔脚部α,131_0000,
536,0,里昂服装头部,130_0000,
536,1,里昂服装身体,130_0000,
536,2,里昂服装腕部,130_0000,
536,3,里昂服装腰部,130_0000,
536,4,里昂服装脚部,130_0000,
537,0,克莱尔服装头部,131_0000,
537,1,克莱尔服装身体,131_0000,
537,2,克莱尔服装腕部,131_0000,
537,3,克莱尔服装腰部,131_0000,
537,4,克莱尔服装脚部,131_0000,
538,0,突击龙服装头部,015_0000,
539,1,酸翼龙服装身体,016_0000,
540,0,岩贼龙服装头部,039_0000,
540,1,岩贼龙服装身体,039_0000,
540,2,岩贼龙服装腕部,039_0000,
540,3,岩贼龙服装腰部,039_0000,
540,4,岩贼龙服装脚部,039_0000,
541,0,铸铁服装头部,031_0000,
541,1,铸铁服装身体,031_0000,
541,2,铸铁服装腕部,031_0000,
541,3,铸铁服装腰部,031_0000,
541,4,铸铁服装脚部,031_0000,
542,0,火龙心α服装头部,021_0100,
542,1,火龙心α服装身体,021_0100,
542,2,火龙心α服装腕部,021_0100,
542,3,火龙心α服装腰部,021_0100,
542,4,火龙心α服装脚部,021_0100,
543,0,火龙心β服装头部,021_0110,
543,1,火龙心β服装身体,021_0110,
543,2,火龙心β服装腕部,021_0110,
543,3,火龙心β服装腰部,021_0110,
543,4,火龙心β服装脚部,021_0110,
544,0,熔岩龙α服装头部,040_0000,
544,1,熔岩龙α服装身体,040_0000,
544,2,熔岩龙α服装腕部,040_0000,
544,3,熔岩龙α服装腰部,040_0000,
544,4,熔岩龙α服装脚部,040_0000,
545,0,熔岩龙β服装头部,040_0010,
545,1,熔岩龙β服装身体,040_0010,
545,2,熔岩龙β服装腕部,040_0010,
545,3,熔岩龙β服装腰部,040_0010,
545,4,熔岩龙β服装脚部,040_0010,
546,0,风漂龙α服装头部,027_0000,
546,1,风漂龙α服装身体,027_0000,
546,2,风漂龙α服装腕部,027_0000,
546,3,风漂龙α服装腰部,027_0000,
546,4,风漂龙α服装脚部,027_0000,
547,0,风漂龙β服装头部,027_0010,
547,1,风漂龙β服装身体,027_0010,
547,2,风漂龙β服装腕部,027_0010,
547,3,风漂龙β服装腰部,027_0010,
547,4,风漂龙β服装脚部,027_0010,
548,0,惨爪龙α服装头部,029_0000,
548,1,惨爪龙α服装身体,029_0000,
548,2,惨爪龙α服装腕部,029_0000,
548,3,惨爪龙α服装腰部,029_0000,
548,4,惨爪龙α服装脚部,029_0000,
549,0,惨爪龙β服装头部,029_0010,
549,1,惨爪龙β服装身体,029_0010,
549,2,惨爪龙β服装腕部,029_0010,
549,3,惨爪龙β服装腰部,029_0010,
549,4,惨爪龙β服装脚部,029_0010,
550,0,火龙α服装头部,033_0000,
550,1,火龙α服装身体,033_0000,
550,2,火龙α服装腕部,033_0000,
550,3,火龙α服装腰部,033_0000,
550,4,火龙α服装脚部,033_0000,
551,0,火龙β服装头部,033_0010,
551,1,火龙β服装身体,033_0010,
551,2,火龙β服装腕部,033_0010,
551,3,火龙β服装腰部,033_0010,
551,4,火龙β服装脚部,033_0010,
552,0,火龙魂α服装头部,033_0100,
552,1,火龙魂α服装身体,033_0100,
552,2,火龙魂α服装腕部,033_0100,
552,3,火龙魂α服装腰部,033_0100,
552,4,火龙魂α服装脚部,033_0100,
553,0,火龙魂β服装头部,033_0110,
553,1,火龙魂β服装身体,033_0110,
553,2,火龙魂β服装腕部,033_0110,
553,3,火龙魂β服装腰部,033_0110,
553,4,火龙魂β服装脚部,033_0110,
554,0,角龙α服装头部,034_0000,
554,1,角龙α服装身体,034_0000,
554,2,角龙α服装腕部,034_0000,
554,3,角龙α服装腰部,034_0000,
554,4,角龙α服装脚部,034_0000,
555,0,角龙β服装头部,034_0010,
555,1,角龙β服装身体,034_0010,
555,2,角龙β服装腕部,034_0010,
555,3,角龙β服装腰部,034_0010,
555,4,角龙β服装脚部,034_0010,
556,0,暴君角龙α服装头部,034_0100,
556,1,暴君角龙α服装身体,034_0100,
556,2,暴君角龙α服装腕部,034_0100,
556,3,暴君角龙α服装腰部,034_0100,
556,4,暴君角龙α服装脚部,034_0100,
557,0,暴君角龙β服装头部,034_0110,
557,1,暴君角龙β服装身体,034_0110,
557,2,暴君角龙β服装腕部,034_0110,
557,3,暴君角龙β服装腰部,034_0110,
557,4,暴君角龙β服装脚部,034_0110,
558,0,爆锤龙α服装头部,041_0000,
558,1,爆锤龙α服装身体,041_0000,
558,2,爆锤龙α服装腕部,041_0000,
558,3,爆锤龙α服装腰部,041_0000,
558,4,爆锤龙α服装脚部,041_0000,
559,0,爆锤龙β服装头部,041_0010,
559,1,爆锤龙β服装身体,041_0010,
559,2,爆锤龙β服装腕部,041_0010,
559,3,爆锤龙β服装腰部,041_0010,
559,4,爆锤龙β服装脚部,041_0010,
560,0,爆鳞龙α服装头部,042_0000,
560,1,爆鳞龙α服装身体,042_0000,
560,2,爆鳞龙α服装腕部,042_0000,
560,3,爆鳞龙α服装腰部,042_0000,
560,4,爆鳞龙α服装脚部,042_0000,
561,0,爆鳞龙β服装头部,042_0010,
561,1,爆鳞龙β服装身体,042_0010,
561,2,爆鳞龙β服装腕部,042_0010,
561,3,爆鳞龙β服装腰部,042_0010,
561,4,爆鳞龙β服装脚部,042_0010,
562,0,残虐α服装头部,050_0000,
562,1,残虐α服装身体,050_0000,
562,2,残虐α服装腕部,050_0000,
562,3,残虐α服装腰部,050_0000,
562,4,残虐α服装脚部,050_0000,
563,0,残虐β服装头部,050_0010,
563,1,残虐β服装身体,050_0010,
563,2,残虐β服装腕部,050_0010,
563,3,残虐β服装腰部,050_0010,
563,4,残虐β服装脚部,050_0010,
564,0,杜宾α服装头部,044_0000,
564,1,杜宾α服装身体,044_0000,
564,2,杜宾α服装腕部,044_0000,
564,3,杜宾α服装腰部,044_0000,
564,4,杜宾α服装脚部,044_0000,
565,0,杜宾β服装头部,044_0000,
565,1,杜宾β服装身体,044_0000,
565,2,杜宾β服装腕部,044_0000,
565,3,杜宾β服装腰部,044_0000,
565,4,杜宾β服装脚部,044_0000,
566,0,大马士革α服装头部,043_0000,
566,1,大马士革α服装身体,043_0000,
566,2,大马士革α服装腕部,043_0000,
566,3,大马士革α服装腰部,043_0000,
566,4,大马士革α服装脚部,043_0000,
567,0,大马士革β服装头部,043_0010,
567,1,大马士革β服装身体,043_0010,
567,2,大马士革β服装腕部,043_0010,
567,3,大马士革β服装腰部,043_0010,
567,4,大马士革β服装脚部,043_0010,
568,0,铸岛熔岩α服装头部,038_0000,
568,1,铸岛熔岩α服装身体,038_0000,
568,2,铸岛熔岩α服装腕部,038_0000,
568,3,铸岛熔岩α服装腰部,038_0000,
568,4,铸岛熔岩α服装脚部,038_0000,
569,0,铸岛熔岩β服装头部,038_0010,
569,1,铸岛熔岩β服装身体,038_0010,
569,2,铸岛熔岩β服装腕部,038_0010,
569,3,铸岛熔岩β服装腰部,038_0010,
569,4,铸岛熔岩β服装脚部,038_0010,
570,0,铸岛熔岩γ服装头部,038_0020,
570,1,铸岛熔岩γ服装身体,038_0020,
570,2,铸岛熔岩γ服装腕部,038_0020,
570,3,铸岛熔岩γ服装腰部,038_0020,
570,4,铸岛熔岩γ服装脚部,038_0020,
571,0,战纹α服装头部,030_0000,
571,1,战纹α服装身体,030_0000,
571,2,战纹α服装腕部,030_0000,
571,3,战纹α服装腰部,030_0000,
571,4,战纹α服装脚部,030_0000,
572,0,战纹β服装头部,030_0010,
572,1,战纹β服装身体,030_0010,
572,2,战纹β服装腕部,030_0010,
572,3,战纹β服装腰部,030_0010,
572,4,战纹β服装脚部,030_0010,
573,0,战纹γ服装头部,030_0020,
573,1,战纹γ服装身体,030_0020,
573,2,战纹γ服装腕部,030_0020,
573,3,战纹γ服装腰部,030_0020,
573,4,战纹γ服装脚部,030_0020,
574,0,帝王α服装头部,046_0000,
574,1,帝王α服装身体,046_0000,
574,2,帝王α服装腕部,046_0000,
574,3,帝王α服装腰部,046_0000,
574,4,帝王α服装脚部,046_0000,
575,0,帝王β服装头部,046_0010,
575,1,帝王β服装身体,046_0010,
575,2,帝王β服装腕部,046_0010,
575,3,帝王β服装腰部,046_0010,
575,4,帝王β服装脚部,046_0010,
576,0,帝王γ服装头部,046_0020,
576,1,帝王γ服装身体,046_0020,
576,2,帝王γ服装腕部,046_0020,
576,3,帝王γ服装腰部,046_0020,
576,4,帝王γ服装脚部,046_0020,
577,0,钢龙α服装头部,047_0000,
577,1,钢龙α服装身体,047_0000,
577,2,钢龙α服装腕部,047_0000,
577,3,钢龙α服装腰部,047_0000,
577,4,钢龙α服装脚部,047_0000,
578,0,钢龙β服装头部,047_0010,
578,1,钢龙β服装身体,047_0010,
578,2,钢龙β服装腕部,047_0010,
578,3,钢龙β服装腰部,047_0010,
578,4,钢龙β服装脚部,047_0010,
579,0,钢龙γ服装头部,047_0020,
579,1,钢龙γ服装身体,047_0020,
579,2,钢龙γ服装腕部,047_0020,
579,3,钢龙γ服装腰部,047_0020,
579,4,钢龙γ服装脚部,047_0020,
580,0,乌尔德α服装头部,032_0000,
580,1,乌尔德α服装身体,032_0000,
580,2,乌尔德α服装腕部,032_0000,
580,3,乌尔德α服装腰部,032_0000,
580,4,乌尔德α服装脚部,032_0000,
581,0,乌尔德β服装头部,032_0010,
581,1,乌尔德β服装身体,032_0010,
581,2,乌尔德β服装腕部,032_0010,
581,3,乌尔德β服装腰部,032_0010,
581,4,乌尔德β服装脚部,032_0010,
582,0,乌尔德γ服装头部,032_0020,
582,1,乌尔德γ服装身体,032_0020,
582,2,乌尔德γ服装腕部,032_0020,
582,3,乌尔德γ服装腰部,032_0020,
582,4,乌尔德γ服装脚部,032_0020,
583,0,麒麟α服装头部,035_0000,
583,1,麒麟α服装身体,035_0000,
583,2,麒麟α服装腕部,035_0000,
583,3,麒麟α服装腰部,035_0000,
583,4,麒麟α服装脚部,035_0000,
584,0,麒麟β服装头部,035_0010,
584,1,麒麟β服装身体,035_0010,
584,2,麒麟β服装腕部,035_0010,
584,3,麒麟β服装腰部,035_0010,
584,4,麒麟β服装脚部,035_0010,
585,0,麒麟γ服装头部,035_0020,
585,1,麒麟γ服装身体,035_0020,
585,2,麒麟γ服装腕部,035_0020,
585,3,麒麟γ服装腰部,035_0020,
585,4,麒麟γ服装脚部,035_0020,
586,0,冥灯幽火α服装头部,045_0000,
586,1,冥灯幽火α服装身体,045_0000,
586,2,冥灯幽火α服装腕部,045_0000,
586,3,冥灯幽火α服装腰部,045_0000,
586,4,冥灯幽火α服装脚部,045_0000,
587,0,冥灯幽火β服装头部,045_0010,
587,1,冥灯幽火β服装身体,045_0010,
587,2,冥灯幽火β服装腕部,045_0010,
587,3,冥灯幽火β服装腰部,045_0010,
587,4,冥灯幽火β服装脚部,045_0010,
588,0,冥灯幽火γ服装头部,045_0020,
588,1,冥灯幽火γ服装身体,045_0020,
588,2,冥灯幽火γ服装腕部,045_0020,
588,3,冥灯幽火γ服装腰部,045_0020,
588,4,冥灯幽火γ服装脚部,045_0020,
589,0,皇后α服装头部,051_0000,
589,1,皇后α服装身体,051_0000,
589,2,皇后α服装腕部,051_0000,
589,3,皇后α服装腰部,051_0000,
589,4,皇后α服装脚部,051_0000,
590,0,皇后β服装头部,051_0010,
590,1,皇后β服装身体,051_0010,
590,2,皇后β服装腕部,051_0010,
590,3,皇后β服装腰部,051_0010,
590,4,皇后β服装脚部,051_0010,
591,0,皇后γ服装头部,051_0020,
591,1,皇后γ服装身体,051_0020,
591,2,皇后γ服装腕部,051_0020,
591,3,皇后γ服装腰部,051_0020,
591,4,皇后γ服装脚部,051_0020,
592,0,绚辉龙铠罗α服装头部,049_0000,
592,1,绚辉龙铠罗α服装身体,049_0000,
592,2,绚辉龙铠罗α服装腕部,049_0000,
592,3,绚辉龙铠罗α服装腰部,049_0000,
592,4,绚辉龙铠罗α服装脚部,049_0000,
593,0,绚辉龙铠罗β服装头部,049_0010,
593,1,绚辉龙铠罗β服装身体,049_0010,
593,2,绚辉龙铠罗β服装腕部,049_0010,
593,3,绚辉龙铠罗β服装腰部,049_0010,
593,4,绚辉龙铠罗β服装脚部,049_0010,
594,0,绚辉龙铠罗γ服装头部,049_0020,
594,1,绚辉龙铠罗γ服装身体,049_0020,
594,2,绚辉龙铠罗γ服装腕部,049_0020,
594,3,绚辉龙铠罗γ服装腰部,049_0020,
594,4,绚辉龙铠罗γ服装脚部,049_0020,
595,0,精英巨蜂服装头部,007_0001,
595,1,精英巨蜂服装身体,007_0001,
595,2,精英巨蜂服装腕部,007_0001,
595,3,精英巨蜂服装腰部,007_0001,
595,4,精英巨蜂服装脚部,007_0001,
596,0,精英巨甲虫服装头部,017_0001,
596,1,精英巨甲虫服装身体,017_0001,
596,2,精英巨甲虫服装腕部,017_0001,
596,3,精英巨甲虫服装腰部,017_0001,
596,4,精英巨甲虫服装脚部,017_0001,
597,0,精英冰豺龙服装头部,102_0000,
598,1,精英冬翼龙服装身体,103_0000,
599,0,精英贼龙服装头部,008_0001,
599,1,精英贼龙服装身体,008_0001,
599,2,精英贼龙服装腕部,008_0001,
599,3,精英贼龙服装腰部,008_0001,
599,4,精英贼龙服装脚部,008_0001,
600,0,精英眩鸟服装头部,023_0001,
600,1,精英眩鸟服装身体,023_0001,
600,2,精英眩鸟服装腕部,023_0001,
600,3,精英眩鸟服装腰部,023_0001,
600,4,精英眩鸟服装脚部,023_0001,
601,0,精英痹贼龙服装头部,022_0001,
601,1,精英痹贼龙服装身体,022_0001,
601,2,精英痹贼龙服装腕部,022_0001,
601,3,精英痹贼龙服装腰部,022_0001,
601,4,精英痹贼龙服装脚部,022_0001,
602,0,精英岩贼龙服装头部,039_0001,
602,1,精英岩贼龙服装身体,039_0001,
602,2,精英岩贼龙服装腕部,039_0001,
602,3,精英岩贼龙服装腰部,039_0001,
602,4,精英岩贼龙服装脚部,039_0001,
603,0,精英搔鸟服装头部,009_0001,
603,1,精英搔鸟服装身体,009_0001,
603,2,精英搔鸟服装腕部,009_0001,
603,3,精英搔鸟服装腰部,009_0001,
603,4,精英搔鸟服装脚部,009_0001,
604,0,精英毒妖鸟服装头部,010_0001,
604,1,精英毒妖鸟服装身体,010_0001,
604,2,精英毒妖鸟服装腕部,010_0001,
604,3,精英毒妖鸟服装腰部,010_0001,
604,4,精英毒妖鸟服装脚部,010_0001,
605,0,精英妖水服装头部,010_0101,
605,1,精英妖水服装身体,010_0101,
605,2,精英妖水服装腕部,010_0101,
605,3,精英妖水服装腰部,010_0101,
605,4,精英妖水服装脚部,010_0101,
606,0,精英土砂龙服装头部,012_0001,
606,1,精英土砂龙服装身体,012_0001,
606,2,精英土砂龙服装腕部,012_0001,
606,3,精英土砂龙服装腰部,012_0001,
606,4,精英土砂龙服装脚部,012_0001,
607,0,精英泥鱼龙服装头部,011_0001,
607,1,精英泥鱼龙服装身体,011_0001,
607,2,精英泥鱼龙服装腕部,011_0001,
607,3,精英泥鱼龙服装腰部,011_0001,
607,4,精英泥鱼龙服装脚部,011_0001,
608,0,精英冰鱼龙服装头部,110_0000,
608,1,精英冰鱼龙服装身体,110_0000,
608,2,精英冰鱼龙服装腕部,110_0000,
608,3,精英冰鱼龙服装腰部,110_0000,
608,4,精英冰鱼龙服装脚部,110_0000,
609,0,精英飞雷龙服装头部,013_0001,
609,1,精英飞雷龙服装身体,013_0001,
609,2,精英飞雷龙服装腕部,013_0001,
609,3,精英飞雷龙服装腰部,013_0001,
609,4,精英飞雷龙服装脚部,013_0001,
610,0,精英朱毒服装头部,013_0101,
610,1,精英朱毒服装身体,013_0101,
610,2,精英朱毒服装腕部,013_0101,
610,3,精英朱毒服装腰部,013_0101,
610,4,精英朱毒服装脚部,013_0101,
611,0,精英猛牛龙α服装头部,084_0000,
611,1,精英猛牛龙α服装身体,084_0000,
611,2,精英猛牛龙α服装腕部,084_0000,
611,3,精英猛牛龙α服装腰部,084_0000,
611,4,精英猛牛龙α服装脚部,084_0000,
612,0,精英猛牛龙β服装头部,084_0010,
612,1,精英猛牛龙β服装身体,084_0010,
612,2,精英猛牛龙β服装腕部,084_0010,
612,3,精英猛牛龙β服装腰部,084_0010,
612,4,精英猛牛龙β服装脚部,084_0010,
613,0,精英蛮颚龙α服装头部,020_0001,
613,1,精英蛮颚龙α服装身体,020_0001,
613,2,精英蛮颚龙α服装腕部,020_0001,
613,3,精英蛮颚龙α服装腰部,020_0001,
613,4,精英蛮颚龙α服装脚部,020_0001,
614,0,精英蛮颚龙β服装头部,020_0011,
614,1,精英蛮颚龙β服装身体,020_0011,
614,2,精英蛮颚龙β服装腕部,020_0011,
614,3,精英蛮颚龙β服装腰部,020_0011,
614,4,精英蛮颚龙β服装脚部,020_0011,
615,0,精英雷颚α服装头部,020_0101,
615,1,精英雷颚α服装身体,020_0101,
615,2,精英雷颚α服装腕部,020_0101,
615,3,精英雷颚α服装腰部,020_0101,
615,4,精英雷颚α服装脚部,020_0101,
616,0,精英雷颚β服装头部,020_0111,
616,1,精英雷颚β服装身体,020_0111,
616,2,精英雷颚β服装腕部,020_0111,
616,3,精英雷颚β服装腰部,020_0111,
616,4,精英雷颚β服装脚部,020_0111,
617,0,精英雌火龙α服装头部,021_0001,
617,1,精英雌火龙α服装身体,021_0001,
617,2,精英雌火龙α服装腕部,021_0001,
617,3,精英雌火龙α服装腰部,021_0001,
617,4,精英雌火龙α服装脚部,021_0001,
618,0,精英雌火龙β服装头部,021_0011,
618,1,精英雌火龙β服装身体,021_0011,
618,2,精英雌火龙β服装腕部,021_0011,
618,3,精英雌火龙β服装腰部,021_0011,
618,4,精英雌火龙β服装脚部,021_0011,
619,0,精英火龙心α服装头部,021_0101,
619,1,精英火龙心α服装身体,021_0101,
619,2,精英火龙心α服装腕部,021_0101,
619,3,精英火龙心α服装腰部,021_0101,
619,4,精英火龙心α服装脚部,021_0101,
620,0,精英火龙心β服装头部,021_0111,
620,1,精英火龙心β服装身体,021_0111,
620,2,精英火龙心β服装腕部,021_0111,
620,3,精英火龙心β服装腰部,021_0111,
620,4,精英火龙心β服装脚部,021_0111,
621,0,精英浮空龙服装头部,024_0001,
621,1,精英浮空龙服装身体,024_0001,
621,2,精英浮空龙服装腕部,024_0001,
621,3,精英浮空龙服装腰部,024_0001,
621,4,精英浮空龙服装脚部,024_0001,
622,0,精英浮梦服装头部,024_0101,
622,1,精英浮梦服装身体,024_0101,
622,2,精英浮梦服装腕部,024_0101,
622,3,精英浮梦服装腰部,024_0101,
622,4,精英浮梦服装脚部,024_0101,
623,0,精英骨锤龙服装头部,028_0001,
623,1,精英骨锤龙服装身体,028_0001,
623,2,精英骨锤龙服装腕部,028_0001,
623,3,精英骨锤龙服装腰部,028_0001,
623,4,精英骨锤龙服装脚部,028_0001,
624,0,机械服装头部,091_0000,
624,1,机械服装身体,091_0000,
624,2,机械服装腕部,091_0000,
624,3,机械服装腰部,091_0000,
624,4,机械服装脚部,091_0000,
625,0,蒸汽贵族β服装头部,104_0010,
625,1,蒸汽贵族β服装身体,104_0000,
625,2,蒸汽贵族β服装腕部,104_0000,
625,3,蒸汽贵族β服装腰部,104_0000,
625,4,蒸汽贵族β服装脚部,104_0000,
626,0,精英冰牙龙α服装头部,089_0000,
626,1,精英冰牙龙α服装身体,089_0000,
626,2,精英冰牙龙α服装腕部,089_0000,
626,3,精英冰牙龙α服装腰部,089_0000,
626,4,精英冰牙龙α服装脚部,089_0000,
627,0,精英冰牙龙β服装头部,089_0010,
627,1,精英冰牙龙β服装身体,089_0010,
627,2,精英冰牙龙β服装腕部,089_0010,
627,3,精英冰牙龙β服装腰部,089_0010,
627,4,精英冰牙龙β服装脚部,089_0010,
628,0,精英火龙α服装头部,033_0001,
628,1,精英火龙α服装身体,033_0001,
628,2,精英火龙α服装腕部,033_0001,
628,3,精英火龙α服装腰部,033_0001,
628,4,精英火龙α服装脚部,033_0001,
629,0,精英火龙β服装头部,033_0011,
629,1,精英火龙β服装身体,033_0011,
629,2,精英火龙β服装腕部,033_0011,
629,3,精英火龙β服装腰部,033_0011,
629,4,精英火龙β服装脚部,033_0011,
630,0,精英火龙魂α服装头部,033_0101,
630,1,精英火龙魂α服装身体,033_0101,
630,2,精英火龙魂α服装腕部,033_0101,
630,3,精英火龙魂α服装腰部,033_0101,
630,4,精英火龙魂α服装脚部,033_0101,
631,0,精英火龙魂β服装头部,033_0111,
631,1,精英火龙魂β服装身体,033_0111,
631,2,精英火龙魂β服装腕部,033_0111,
631,3,精英火龙魂β服装腰部,033_0111,
631,4,精英火龙魂β服装脚部,033_0111,
632,0,精英角龙α服装头部,034_0001,
632,1,精英角龙α服装身体,034_0001,
632,2,精英角龙α服装腕部,034_0001,
632,3,精英角龙α服装腰部,034_0001,
632,4,精英角龙α服装脚部,034_0001,
633,0,精英角龙β服装头部,034_0011,
633,1,精英角龙β服装身体,034_0011,
633,2,精英角龙β服装腕部,034_0011,
633,3,精英角龙β服装腰部,034_0011,
633,4,精英角龙β服装脚部,034_0011,
634,0,精英暴君角龙α服装头部,034_0101,
634,1,精英暴君角龙α服装身体,034_0101,
634,2,精英暴君角龙α服装腕部,034_0101,
634,3,精英暴君角龙α服装腰部,034_0101,
634,4,精英暴君角龙α服装脚部,034_0101,
635,0,精英暴君角龙β服装头部,034_0111,
635,1,精英暴君角龙β服装身体,034_0111,
635,2,精英暴君角龙β服装腕部,034_0111,
635,3,精英暴君角龙β服装腰部,034_0111,
635,4,精英暴君角龙β服装脚部,034_0111,
636,0,精英风漂龙α服装头部,027_0001,
636,1,精英风漂龙α服装身体,027_0001,
636,2,精英风漂龙α服装腕部,027_0001,
636,3,精英风漂龙α服装腰部,027_0001,
636,4,精英风漂龙α服装脚部,027_0001,
637,0,精英风漂龙β服装头部,027_0011,
637,1,精英风漂龙β服装身体,027_0011,
637,2,精英风漂龙β服装腕部,027_0011,
637,3,精英风漂龙β服装腰部,027_0011,
637,4,精英风漂龙β服装脚部,027_0011,
638,0,精英霜漂α服装头部,027_0500,
638,1,精英霜漂α服装身体,027_0500,
638,2,精英霜漂α服装腕部,027_0500,
638,3,精英霜漂α服装腰部,027_0500,
638,4,精英霜漂α服装脚部,027_0500,
639,0,精英霜漂β服装头部,027_0510,
639,1,精英霜漂β服装身体,027_0510,
639,2,精英霜漂β服装腕部,027_0510,
639,3,精英霜漂β服装腰部,027_0510,
639,4,精英霜漂β服装脚部,027_0510,
640,0,精英惨爪α服装头部,029_0001,
640,1,精英惨爪α服装身体,029_0001,
640,2,精英惨爪α服装腕部,029_0001,
640,3,精英惨爪α服装腰部,029_0001,
640,4,精英惨爪α服装脚部,029_0001,
641,0,精英惨爪β服装头部,029_0011,
641,1,精英惨爪β服装身体,029_0011,
641,2,精英惨爪β服装腕部,029_0011,
641,3,精英惨爪β服装腰部,029_0011,
641,4,精英惨爪β服装脚部,029_0011,
642,0,精英亡爪α服装头部,029_0101,
642,1,精英亡爪α服装身体,029_0101,
642,2,精英亡爪α服装腕部,029_0101,
642,3,精英亡爪α服装腰部,029_0101,
642,4,精英亡爪α服装脚部,029_0101,
643,0,精英亡爪β服装头部,029_0111,
643,1,精英亡爪β服装身体,029_0111,
643,2,精英亡爪β服装腕部,029_0111,
643,3,精英亡爪β服装腰部,029_0111,
643,4,精英亡爪β服装脚部,029_0111,
644,0,精英熔岩龙服装头部,040_0001,
644,1,精英熔岩龙服装身体,040_0001,
644,2,精英熔岩龙服装腕部,040_0001,
644,3,精英熔岩龙服装腰部,040_0001,
644,4,精英熔岩龙服装脚部,040_0001,
645,0,精英爆锤龙服装头部,041_0001,
645,1,精英爆锤龙服装身体,041_0001,
645,2,精英爆锤龙服装腕部,041_0001,
645,3,精英爆锤龙服装腰部,041_0001,
645,4,精英爆锤龙服装脚部,041_0001,
646,0,精英迅龙α服装头部,080_0000,
646,1,精英迅龙α服装身体,080_0000,
646,2,精英迅龙α服装腕部,080_0000,
646,3,精英迅龙α服装腰部,080_0000,
646,4,精英迅龙α服装脚部,080_0000,
647,0,精英迅龙β服装头部,080_0010,
647,1,精英迅龙β服装身体,080_0010,
647,2,精英迅龙β服装腕部,080_0010,
647,3,精英迅龙β服装腰部,080_0010,
647,4,精英迅龙β服装脚部,080_0010,
648,0,精英斩龙α服装头部,081_0000,
648,1,精英斩龙α服装身体,081_0000,
648,2,精英斩龙α服装腕部,081_0000,
648,3,精英斩龙α服装腰部,081_0000,
648,4,精英斩龙α服装脚部,081_0000,
649,0,精英斩龙β服装头部,081_0010,
649,1,精英斩龙β服装身体,081_0010,
649,2,精英斩龙β服装腕部,081_0010,
649,3,精英斩龙β服装腰部,081_0010,
649,4,精英斩龙β服装脚部,081_0010,
650,0,精英斩黄α服装头部,081_0100,
650,1,精英斩黄α服装身体,081_0100,
650,2,精英斩黄α服装腕部,081_0100,
650,3,精英斩黄α服装腰部,081_0100,
650,4,精英斩黄α服装脚部,081_0100,
651,0,精英斩黄β服装头部,081_0110,
651,1,精英斩黄β服装身体,081_0110,
651,2,精英斩黄β服装腕部,081_0110,
651,3,精英斩黄β服装腰部,081_0110,
651,4,精英斩黄β服装脚部,081_0110,
652,0,精英碎龙α服装头部,082_0000,
652,1,精英碎龙α服装身体,082_0000,
652,2,精英碎龙α服装腕部,082_0000,
652,3,精英碎龙α服装腰部,082_0000,
652,4,精英碎龙α服装脚部,082_0000,
653,0,精英碎龙β服装头部,082_0010,
653,1,精英碎龙β服装身体,082_0010,
653,2,精英碎龙β服装腕部,082_0010,
653,3,精英碎龙β服装腰部,082_0010,
653,4,精英碎龙β服装脚部,082_0010,
654,0,精英轰龙α服装头部,083_0000,
654,1,精英轰龙α服装身体,083_0000,
654,2,精英轰龙α服装腕部,083_0000,
654,3,精英轰龙α服装腰部,083_0000,
654,4,精英轰龙α服装脚部,083_0000,
655,0,精英轰龙β服装头部,083_0010,
655,1,精英轰龙β服装身体,083_0010,
655,2,精英轰龙β服装腕部,083_0010,
655,3,精英轰龙β服装腰部,083_0010,
655,4,精英轰龙β服装脚部,083_0010,
656,0,精英轰吼α服装头部,083_0100,
656,1,精英轰吼α服装身体,083_0100,
656,2,精英轰吼α服装腕部,083_0100,
656,3,精英轰吼α服装腰部,083_0100,
656,4,精英轰吼α服装脚部,083_0100,
657,0,精英轰吼β服装头部,083_0110,
657,1,精英轰吼β服装身体,083_0110,
657,2,精英轰吼β服装腕部,083_0110,
657,3,精英轰吼β服装腰部,083_0110,
657,4,精英轰吼β服装脚部,083_0110,
658,0,黑带服装头部,093_0000,
658,1,黑带服装身体,093_0000,
658,2,黑带服装腕部,093_0000,
658,3,黑带服装腰部,093_0000,
658,4,黑带服装脚部,093_0000,
659,0,精英矜持α服装头部,042_0500,
659,1,精英矜持α服装身体,042_0500,
659,2,精英矜持α服装腕部,042_0500,
659,3,精英矜持α服装腰部,042_0500,
659,4,精英矜持α服装脚部,042_0500,
660,0,精英矜持β服装头部,042_0510,
660,1,精英矜持β服装身体,042_0510,
660,2,精英矜持β服装腕部,042_0510,
660,3,精英矜持β服装腰部,042_0510,
660,4,精英矜持β服装脚部,042_0510,
661,0,精英贪欲α服装头部,050_0500,
661,1,精英贪欲α服装身体,050_0500,
661,2,精英贪欲α服装腕部,050_0500,
661,3,精英贪欲α服装腰部,050_0500,
661,4,精英贪欲α服装脚部,050_0500,
662,0,精英贪欲β服装头部,050_0510,
662,1,精英贪欲β服装身体,050_0510,
662,2,精英贪欲β服装腕部,050_0510,
662,3,精英贪欲β服装腰部,050_0510,
662,4,精英贪欲β服装脚部,050_0510,
663,0,精英雪崩α服装头部,085_0000,
663,1,精英雪崩α服装身体,085_0000,
663,2,精英雪崩α服装腕部,085_0000,
663,3,精英雪崩α服装腰部,085_0000,
663,4,精英雪崩α服装脚部,085_0000,
664,0,精英雪崩β服装头部,085_0010,
664,1,精英雪崩β服装身体,085_0010,
664,2,精英雪崩β服装腕部,085_0010,
664,3,精英雪崩β服装腰部,085_0010,
664,4,精英雪崩β服装脚部,085_0010,
665,0,精英死灭α服装头部,032_0500,
665,1,精英死灭α服装身体,032_0500,
665,2,精英死灭α服装腕部,032_0500,
665,3,精英死灭α服装腰部,032_0500,
665,4,精英死灭α服装脚部,032_0500,
666,0,精英死灭β服装头部,032_0510,
666,1,精英死灭β服装身体,032_0510,
666,2,精英死灭β服装腕部,032_0510,
666,3,精英死灭β服装腰部,032_0510,
666,4,精英死灭β服装脚部,032_0510,
667,0,精英帝王α服装头部,046_0001,
667,1,精英帝王α服装身体,046_0001,
667,2,精英帝王α服装腕部,046_0001,
667,3,精英帝王α服装腰部,046_0001,
667,4,精英帝王α服装脚部,046_0001,
668,0,精英帝王β服装头部,046_0011,
668,1,精英帝王β服装身体,046_0011,
668,2,精英帝王β服装腕部,046_0011,
668,3,精英帝王β服装腰部,046_0011,
668,4,精英帝王β服装脚部,046_0011,
669,0,精英钢龙α服装头部,047_0001,
669,1,精英钢龙α服装身体,047_0001,
669,2,精英钢龙α服装腕部,047_0001,
669,3,精英钢龙α服装腰部,047_0001,
669,4,精英钢龙α服装脚部,047_0001,
670,0,精英钢龙β服装头部,047_0011,
670,1,精英钢龙β服装身体,047_0011,
670,2,精英钢龙β服装腕部,047_0011,
670,3,精英钢龙β服装腰部,047_0011,
670,4,精英钢龙β服装脚部,047_0011,
671,0,精英麒麟α服装头部,035_0001,
671,1,精英麒麟α服装身体,035_0001,
671,2,精英麒麟α服装腕部,035_0001,
671,3,精英麒麟α服装腰部,035_0001,
671,4,精英麒麟α服装脚部,035_0001,
672,0,精英麒麟β服装头部,035_0011,
672,1,精英麒麟β服装身体,035_0011,
672,2,精英麒麟β服装腕部,035_0011,
672,3,精英麒麟β服装腰部,035_0011,
672,4,精英麒麟β服装脚部,035_0011,
673,0,精英触角α服装头部,086_0000,
673,1,精英触角α服装身体,086_0000,
673,2,精英触角α服装腕部,086_0000,
673,3,精英触角α服装腰部,086_0000,
673,4,精英触角α服装脚部,086_0000,
674,0,精英触角β服装头部,086_0010,
674,1,精英触角β服装身体,086_0010,
674,2,精英触角β服装腕部,086_0010,
674,3,精英触角β服装腰部,086_0010,
674,4,精英触角β服装脚部,086_0010,
675,0,公会宫殿服装头部,094_0000,
675,1,公会宫殿服装身体,094_0000,
675,2,公会宫殿服装腕部,094_0000,
675,3,公会宫殿服装腰部,094_0000,
675,4,公会宫殿服装脚部,094_0000,
676,0,敏捷耳饰服装,095_0000,
677,0,佯动耳饰服装,095_0010,
678,0,精英迦楼罗α服装头部,088_0000,
678,1,精英迦楼罗α服装身体,088_0000,
678,2,精英迦楼罗α服装腕部,088_0000,
678,3,精英迦楼罗α服装腰部,088_0000,
678,4,精英迦楼罗α服装脚部,088_0000,
679,0,精英迦楼罗β服装头部,088_0010,
679,1,精英迦楼罗β服装身体,088_0010,
679,2,精英迦楼罗β服装腕部,088_0010,
679,3,精英迦楼罗β服装腰部,088_0010,
679,4,精英迦楼罗β服装脚部,088_0010,
680,0,精英黑狼鸟α服装头部,108_0000,
680,1,精英黑狼鸟α服装身体,108_0000,
680,2,精英黑狼鸟α服装腕部,108_0000,
680,3,精英黑狼鸟α服装腰部,108_0000,
680,4,精英黑狼鸟α服装脚部,108_0000,
681,0,精英黑狼鸟β服装头部,108_0010,
681,1,精英黑狼鸟β服装身体,108_0010,
681,2,精英黑狼鸟β服装腕部,108_0010,
681,3,精英黑狼鸟β服装腰部,108_0010,
681,4,精英黑狼鸟β服装脚部,108_0010,
682,0,精英雷狼龙α服装头部,107_0000,
682,1,精英雷狼龙α服装身体,107_0000,
682,2,精英雷狼龙α服装腕部,107_0000,
682,3,精英雷狼龙α服装腰部,107_0000,
682,4,精英雷狼龙α服装脚部,107_0000,
683,0,精英雷狼龙β服装头部,107_0010,
683,1,精英雷狼龙β服装身体,107_0010,
683,2,精英雷狼龙β服装腕部,107_0010,
683,3,精英雷狼龙β服装腰部,107_0010,
683,4,精英雷狼龙β服装脚部,107_0010,
684,0,精英金黄澄月α服装头部,021_0200,
684,1,精英金黄澄月α服装身体,021_0200,
684,2,精英金黄澄月α服装腕部,021_0200,
684,3,精英金黄澄月α服装腰部,021_0200,
684,4,精英金黄澄月α服装脚部,021_0200,
685,0,精英金黄澄月β服装头部,021_0210,
685,1,精英金黄澄月β服装身体,021_0210,
685,2,精英金黄澄月β服装腕部,021_0210,
685,3,精英金黄澄月β服装腰部,021_0210,
685,4,精英金黄澄月β服装脚部,021_0210,
686,0,精英银白耀日α服装头部,033_0200,
686,1,精英银白耀日α服装身体,033_0200,
686,2,精英银白耀日α服装腕部,033_0200,
686,3,精英银白耀日α服装腰部,033_0200,
686,4,精英银白耀日α服装脚部,033_0200,
687,0,精英银白耀日β服装头部,033_0210,
687,1,精英银白耀日β服装身体,033_0210,
687,2,精英银白耀日β服装腕部,033_0210,
687,3,精英银白耀日β服装腰部,033_0210,
687,4,精英银白耀日β服装脚部,033_0210,
688,0,精英皇后α服装头部,051_0001,
688,1,精英皇后α服装身体,051_0001,
688,2,精英皇后α服装腕部,051_0001,
688,3,精英皇后α服装腰部,051_0001,
688,4,精英皇后α服装脚部,051_0001,
689,0,精英皇后β服装头部,051_0011,
689,1,精英皇后β服装身体,051_0011,
689,2,精英皇后β服装腕部,051_0011,
689,3,精英皇后β服装腰部,051_0011,
689,4,精英皇后β服装脚部,051_0011,
690,0,精英狂纹α服装头部,030_0500,
690,1,精英狂纹α服装身体,030_0500,
690,2,精英狂纹α服装腕部,030_0500,
690,3,精英狂纹α服装腰部,030_0500,
690,4,精英狂纹α服装脚部,030_0500,
691,0,精英狂纹β服装头部,030_0510,
691,1,精英狂纹β服装身体,030_0510,
691,2,精英狂纹β服装腕部,030_0510,
691,3,精英狂纹β服装腰部,030_0510,
691,4,精英狂纹β服装脚部,030_0510,
692,0,公会成果服装头部,092_0000,
692,1,公会成果服装身体,092_0000,
692,2,公会成果服装腕部,092_0000,
692,3,公会成果服装腰部,092_0000,
692,4,公会成果服装脚部,092_0000,
693,0,精英金色α服装头部,109_0000,
693,1,精英金色α服装身体,109_0000,
693,2,精英金色α服装腕部,109_0000,
693,3,精英金色α服装腰部,109_0000,
693,4,精英金色α服装脚部,109_0000,
694,0,精英金色β服装头部,109_0010,
694,1,精英金色β服装身体,109_0010,
694,2,精英金色β服装腕部,109_0010,
694,3,精英金色β服装腰部,109_0010,
694,4,精英金色β服装脚部,109_0010,
695,0,精英狱狼龙α服装头部,107_0100,
695,1,精英狱狼龙α服装身体,107_0100,
695,2,精英狱狼龙α服装腕部,107_0100,
695,3,精英狱狼龙α服装腰部,107_0100,
695,4,精英狱狼龙α服装脚部,107_0100,
696,0,精英狱狼龙β服装头部,107_0110,
696,1,精英狱狼龙β服装身体,107_0110,
696,2,精英狱狼龙β服装腕部,107_0110,
696,3,精英狱狼龙β服装腰部,107_0110,
696,4,精英狱狼龙β服装脚部,107_0110,
697,0,精英龙纹α服装头部,087_0000,
697,1,精英龙纹α服装身体,087_0000,
697,2,精英龙纹α服装腕部,087_0000,
697,3,精英龙纹α服装腰部,087_0000,
697,4,精英龙纹α服装脚部,087_0000,
698,0,精英龙纹β服装头部,087_0010,
698,1,精英龙纹β服装身体,087_0010,
698,2,精英龙纹β服装腕部,087_0010,
698,3,精英龙纹β服装腰部,087_0010,
698,4,精英龙纹β服装脚部,087_0010,
699,0,精英齐天α服装头部,109_0500,
699,1,精英齐天α服装身体,109_0500,
699,2,精英齐天α服装腕部,109_0500,
699,3,精英齐天α服装腰部,109_0500,
699,4,精英齐天α服装脚部,109_0500,
700,0,精英齐天β服装头部,109_0510,
700,1,精英齐天β服装身体,109_0510,
700,2,精英齐天β服装腕部,109_0510,
700,3,精英齐天β服装腰部,109_0510,
700,4,精英齐天β服装脚部,109_0510,
701,0,精英铁腕α服装头部,082_0500,
701,1,精英铁腕α服装身体,082_0500,
701,2,精英铁腕α服装腕部,082_0500,
701,3,精英铁腕α服装腰部,082_0500,
701,4,精英铁腕α服装脚部,082_0500,
702,0,精英铁腕β服装头部,082_0510,
702,1,精英铁腕β服装身体,082_0510,
702,2,精英铁腕β服装腕部,082_0510,
702,3,精英铁腕β服装腰部,082_0510,
702,4,精英铁腕β服装脚部,082_0510,
703,0,精英霜刃冰牙龙α服装头部,089_0500,
703,1,精英霜刃冰牙龙α服装身体,089_0500,
703,2,精英霜刃冰牙龙α服装腕部,089_0500,
703,3,精英霜刃冰牙龙α服装腰部,089_0500,
703,4,精英霜刃冰牙龙α服装脚部,089_0500,
704,0,精英霜刃冰牙龙β服装头部,089_0510,
704,1,精英霜刃冰牙龙β服装身体,089_0510,
704,2,精英霜刃冰牙龙β服装腕部,089_0510,
704,3,精英霜刃冰牙龙β服装腰部,089_0510,
704,4,精英霜刃冰牙龙β服装脚部,089_0510,
705,0,精英煌黑龙α服装头部,052_0000,
705,1,精英煌黑龙α服装身体,052_0000,
705,2,精英煌黑龙α服装腕部,052_0000,
705,3,精英煌黑龙α服装腰部,052_0000,
705,4,精英煌黑龙α服装脚部,052_0000,
706,0,精英煌黑龙β服装头部,052_0010,
706,1,精英煌黑龙β服装身体,052_0010,
706,2,精英煌黑龙β服装腕部,052_0010,
706,3,精英煌黑龙β服装腰部,052_0010,
706,4,精英煌黑龙β服装脚部,052_0010,
707,0,精英龙α服装头部,129_0000,
707,1,精英龙α服装身体,129_0000,
707,2,精英龙α服装腕部,129_0000,
707,3,精英龙α服装腰部,129_0000,
707,4,精英龙α服装脚部,129_0000,
708,0,精英龙β服装头部,129_0010,
708,1,精英龙β服装身体,129_0010,
708,2,精英龙β服装腕部,129_0010,
708,3,精英龙β服装腰部,129_0010,
708,4,精英龙β服装脚部,129_0010,
709,0,精英绚辉龙铠罗α服装头部,049_0001,
709,1,精英绚辉龙铠罗α服装身体,049_0001,
709,2,精英绚辉龙铠罗α服装腕部,049_0001,
709,3,精英绚辉龙铠罗α服装腰部,049_0001,
709,4,精英绚辉龙铠罗α服装脚部,049_0001,
710,0,精英绚辉龙铠罗β服装头部,049_0011,
710,1,精英绚辉龙铠罗β服装身体,049_0011,
710,2,精英绚辉龙铠罗β服装腕部,049_0011,
710,3,精英绚辉龙铠罗β服装腰部,049_0011,
710,4,精英绚辉龙铠罗β服装脚部,049_0011,
711,0,封印的龙骸布服装,100_0000,
712,0,龙人族之耳服装,101_0000,
713,0,企鹅头套服装,098_0000,
714,0,温泉银猴服装,113_0000,
715,1,健美α服装身体,115_0000,
715,2,健美α服装腕部,115_0000,
715,3,健美α服装腰部,115_0000,
715,4,健美α服装脚部,115_0000,
716,0,苍世武士服装头部,072_0001,
716,1,苍世武士服装身体,072_0001,
716,2,苍世武士服装腕部,072_0001,
716,3,苍世武士服装腰部,072_0001,
716,4,苍世武士服装脚部,072_0001,
719,0,精英雪崩γ服装头部,085_0020,
719,1,精英雪崩γ服装身体,085_0020,
719,2,精英雪崩γ服装腕部,085_0020,
719,3,精英雪崩γ服装腰部,085_0020,
719,4,精英雪崩γ服装脚部,085_0020,
720,0,精英触角γ服装头部,086_0020,
720,1,精英触角γ服装身体,086_0020,
720,2,精英触角γ服装腕部,086_0020,
720,3,精英触角γ服装腰部,086_0020,
720,4,精英触角γ服装脚部,086_0020,
722,1,健美γ服装身体,115_0001,
722,2,健美γ服装腕部,115_0001,
722,3,健美γ服装腰部,115_0001,
722,4,健美γ服装脚部,115_0001,
723,1,内衣α服装身体,500_0000,
723,2,内衣α服装腕部,500_0000,
723,3,内衣α服装腰部,500_0000,
723,4,内衣α服装脚部,500_0000,
724,1,内衣β服装身体,501_0000,
724,2,内衣β服装腕部,501_0000,
724,3,内衣β服装腰部,501_0000,
724,4,内衣β服装脚部,501_0000,
725,0,精英阿尔忒弥斯头饰α,133_0000,
725,1,精英阿尔忒弥斯鎧甲α,133_0000,
725,2,精英阿尔忒弥斯护手α,133_0000,
725,3,精英阿尔忒弥斯腰甲α,133_0000,
725,4,精英阿尔忒弥斯护腿α,133_0000,
726,0,狩猎女神服装头部,133_0000,
726,1,狩猎女神服装身体,133_0000,
726,2,狩猎女神服装腕部,133_0000,
726,3,狩猎女神服装腰部,133_0000,
726,4,狩猎女神服装脚部,133_0000,
727,0,精英阿尔忒弥斯面罩α,132_0010,
727,1,精英阿尔忒弥斯身体α,132_0010,
727,2,精英阿尔忒弥斯腕部α,132_0010,
727,3,精英阿尔忒弥斯腰部α,132_0010,
727,4,精英阿尔忒弥斯脚部α,132_0010,
